{"type":"FeatureCollection","features":[{"type":"Feature","properties":{"district":"Gondia"},"geometry":{"type":"Polygon","coordinates":[[[80.4602,20.8193],[80.4161,20.8252],[80.3939,20.8072],[80.3896,20.8066],[80.3324,20.821],[80.3087,20.7276],[80.2994,20.7116],[80.2812,20.7109],[80.2726,20.6799],[80.2504,20.6783],[80.2421,20.6554],[80.1781,20.6769],[80.1623,20.6939],[80.1376,20.6845],[80.1136,20.6952],[80.0928,20.6916],[80.0578,20.7125],[80.0313,20.6982],[80.0159,20.6675],[80.0137,20.6747],[79.9908,20.6743],[79.9826,20.6773],[79.979,20.7135],[79.9797,20.7155],[79.9822,20.7207],[79.9922,20.7413],[80.008,20.7361],[80.0137,20.7648],[79.998,20.7622],[79.9948,20.7488],[79.9561,20.753],[79.9454,20.7426],[79.9113,20.7413],[79.9232,20.7498],[79.9353,20.7876],[79.8795,20.7739],[79.8827,20.7919],[79.863,20.7818],[79.8691,20.8033],[79.8562,20.8154],[79.8548,20.8167],[79.8573,20.8213],[79.8587,20.8249],[79.8609,20.8291],[79.8723,20.8226],[79.897,20.8187],[79.9096,20.7935],[79.9181,20.8004],[79.9224,20.82],[79.9142,20.8252],[79.8644,20.8353],[79.8877,20.8592],[79.9085,20.8536],[79.9117,20.8778],[79.9214,20.8814],[79.9561,20.8654],[79.9568,20.8879],[79.9389,20.8951],[79.9375,20.9065],[79.9224,20.9062],[79.9461,20.9323],[79.94,20.9571],[80.0026,20.948],[80.0374,20.9656],[80.0617,20.9486],[80.0581,20.9578],[80.0707,20.9561],[80.0821,20.9865],[80.1022,20.9908],[80.0971,21.0326],[80.066,21.0332],[80.08,21.0453],[80.0717,21.06],[80.0857,21.0753],[80.0699,21.0815],[80.0753,21.0992],[80.0581,21.1037],[80.0839,21.1475],[80.0707,21.1563],[80.0732,21.1864],[80.0631,21.2014],[80.0248,21.2128],[80.0223,21.2291],[80.0033,21.217],[79.9894,21.2334],[79.9647,21.2324],[79.9371,21.2552],[79.8959,21.2523],[79.868,21.25],[79.8659,21.2494],[79.8666,21.233],[79.8315,21.2272],[79.8329,21.2295],[79.8483,21.25],[79.8412,21.2572],[79.8623,21.251],[79.8637,21.2575],[79.8247,21.2729],[79.8372,21.285],[79.8276,21.2944],[79.8362,21.3098],[79.8132,21.3209],[79.8132,21.3552],[79.8,21.3594],[79.7961,21.3754],[79.8802,21.426],[79.8899,21.4538],[79.9257,21.4907],[79.9199,21.5184],[79.9181,21.5263],[79.9328,21.555],[79.9697,21.5583],[80.0005,21.5335],[80.0331,21.5563],[80.0721,21.5566],[80.1011,21.59],[80.1161,21.5932],[80.1215,21.6112],[80.1544,21.6063],[80.2038,21.636],[80.2214,21.621],[80.2668,21.6184],[80.2808,21.5965],[80.2948,21.5929],[80.2983,21.5756],[80.3205,21.5762],[80.3395,21.5547],[80.3306,21.5478],[80.376,21.524],[80.3839,21.49],[80.4222,21.4404],[80.3961,21.4081],[80.4122,21.3764],[80.4483,21.3722],[80.4573,21.4028],[80.5275,21.3947],[80.5429,21.3705],[80.5701,21.3575],[80.5668,21.3454],[80.5894,21.3434],[80.5998,21.3268],[80.6213,21.3202],[80.6635,21.3343],[80.6814,21.3137],[80.6796,21.299],[80.6614,21.2908],[80.6438,21.2513],[80.6137,21.2265],[80.5873,21.2219],[80.5597,21.202],[80.5296,21.2053],[80.5153,21.1831],[80.4641,21.1749],[80.4448,21.1217],[80.458,21.1148],[80.439,21.0966],[80.4526,21.0388],[80.4244,21.0084],[80.4437,20.994],[80.4637,20.929],[80.5461,20.9349],[80.5615,20.8229],[80.5225,20.8347],[80.4602,20.8193]]]}},{"type":"Feature","properties":{"district":"Bhandara"},"geometry":{"type":"Polygon","coordinates":[[[79.9199,21.5184],[79.9257,21.4907],[79.8899,21.4538],[79.8802,21.426],[79.7961,21.3754],[79.8,21.3594],[79.8132,21.3552],[79.8132,21.3209],[79.8362,21.3098],[79.8276,21.2944],[79.8372,21.285],[79.8247,21.2729],[79.8637,21.2575],[79.8623,21.251],[79.8412,21.2572],[79.8483,21.25],[79.8329,21.2295],[79.8315,21.2272],[79.8666,21.233],[79.8659,21.2494],[79.868,21.25],[79.8959,21.2523],[79.9371,21.2552],[79.9647,21.2324],[79.9894,21.2334],[80.0033,21.217],[80.0223,21.2291],[80.0248,21.2128],[80.0631,21.2014],[80.0732,21.1864],[80.0707,21.1563],[80.0839,21.1475],[80.0581,21.1037],[80.0753,21.0992],[80.0699,21.0815],[80.0857,21.0753],[80.0717,21.06],[80.08,21.0453],[80.066,21.0332],[80.0971,21.0326],[80.1022,20.9908],[80.0821,20.9865],[80.0707,20.9561],[80.0581,20.9578],[80.0617,20.9486],[80.0374,20.9656],[80.0026,20.948],[79.94,20.9571],[79.9461,20.9323],[79.9224,20.9062],[79.9375,20.9065],[79.9389,20.8951],[79.9568,20.8879],[79.9561,20.8654],[79.9214,20.8814],[79.9117,20.8778],[79.9085,20.8536],[79.8877,20.8592],[79.8644,20.8353],[79.9142,20.8252],[79.9224,20.82],[79.9181,20.8004],[79.9096,20.7935],[79.897,20.8187],[79.8723,20.8226],[79.8609,20.8291],[79.8587,20.8249],[79.8573,20.8213],[79.8548,20.8167],[79.8562,20.8154],[79.8691,20.8033],[79.863,20.7818],[79.8827,20.7919],[79.8795,20.7739],[79.9353,20.7876],[79.9232,20.7498],[79.9113,20.7413],[79.9454,20.7426],[79.9561,20.753],[79.9948,20.7488],[79.998,20.7622],[80.0137,20.7648],[80.008,20.7361],[79.9922,20.7413],[79.9822,20.7207],[79.9797,20.7155],[79.979,20.7135],[79.9826,20.6773],[79.9611,20.6949],[79.9332,20.6799],[79.9335,20.6727],[79.9296,20.6694],[79.8884,20.6894],[79.839,20.6828],[79.8029,20.6978],[79.786,20.721],[79.7574,20.7347],[79.7574,20.7338],[79.752,20.6992],[79.751,20.6903],[79.7094,20.6874],[79.6922,20.674],[79.6947,20.6423],[79.6944,20.642],[79.6636,20.6544],[79.6607,20.6668],[79.6196,20.676],[79.6092,20.6959],[79.5895,20.6916],[79.5669,20.6969],[79.5652,20.7073],[79.5186,20.7142],[79.5322,20.7472],[79.5301,20.7752],[79.5573,20.8076],[79.5376,20.8513],[79.5551,20.8565],[79.5788,20.8441],[79.5963,20.8663],[79.6106,20.8667],[79.6106,20.9036],[79.6446,20.9258],[79.655,20.9643],[79.5977,21.0721],[79.5884,21.0773],[79.5723,21.0662],[79.5501,21.0881],[79.529,21.0776],[79.5179,21.091],[79.5322,21.0966],[79.5272,21.1194],[79.4939,21.1383],[79.5089,21.1612],[79.4978,21.1834],[79.5272,21.1779],[79.5322,21.1583],[79.5573,21.156],[79.5508,21.1713],[79.5616,21.1903],[79.5494,21.2066],[79.5755,21.2765],[79.5541,21.3033],[79.5548,21.3287],[79.5258,21.3509],[79.5,21.3979],[79.4846,21.3993],[79.4764,21.428],[79.4488,21.4358],[79.4753,21.4913],[79.5136,21.5341],[79.5376,21.5367],[79.5387,21.541],[79.5626,21.5475],[79.5816,21.5413],[79.6203,21.5576],[79.6521,21.5557],[79.6611,21.5769],[79.7377,21.6037],[79.7921,21.5867],[79.8311,21.5465],[79.8899,21.5181],[79.9199,21.5184]]]}},{"type":"Feature","properties":{"district":"Jalgaon"},"geometry":{"type":"Polygon","coordinates":[[[76.38,20.977],[76.3667,20.9777],[76.3456,20.9506],[76.2798,20.9571],[76.2651,20.9803],[76.163,21.0355],[76.157,21.0032],[76.1176,20.978],[76.1115,20.9506],[76.09,20.9437],[76.08,20.9274],[76.0778,20.9085],[76.1133,20.8925],[76.1097,20.8814],[76.0739,20.8458],[76.0735,20.8321],[76.0485,20.8147],[76.0556,20.802],[76.0467,20.786],[76.012,20.7841],[75.9851,20.7609],[76.0159,20.7312],[76.0062,20.7165],[75.9969,20.7024],[75.9962,20.6874],[76.0027,20.6525],[76.0062,20.6476],[76.0062,20.6316],[75.9862,20.6165],[75.9547,20.6205],[75.9533,20.6012],[75.9307,20.5963],[75.9321,20.5744],[75.8877,20.5689],[75.887,20.5917],[75.8688,20.5973],[75.8673,20.6185],[75.8541,20.6211],[75.8537,20.612],[75.8373,20.6139],[75.8412,20.5927],[75.8319,20.5904],[75.828,20.5708],[75.8433,20.563],[75.8247,20.5555],[75.8043,20.5666],[75.7868,20.5623],[75.7879,20.5826],[75.7592,20.5747],[75.7538,20.6123],[75.7309,20.6071],[75.7231,20.6198],[75.6991,20.6149],[75.7041,20.659],[75.6779,20.6652],[75.6622,20.6629],[75.6579,20.6567],[75.6608,20.6263],[75.6593,20.6254],[75.6593,20.6244],[75.6461,20.6169],[75.6049,20.6214],[75.6117,20.6038],[75.5978,20.5999],[75.596,20.6005],[75.592,20.5996],[75.5552,20.6041],[75.5526,20.5983],[75.5355,20.6067],[75.5326,20.5917],[75.5204,20.5894],[75.5276,20.5558],[75.5047,20.5503],[75.4921,20.5245],[75.4803,20.5424],[75.4571,20.5512],[75.456,20.514],[75.4463,20.5375],[75.4238,20.5294],[75.4288,20.5127],[75.3969,20.5209],[75.389,20.5774],[75.3658,20.5747],[75.3583,20.596],[75.3554,20.5881],[75.3192,20.5917],[75.3164,20.5751],[75.2909,20.5659],[75.2645,20.5666],[75.2577,20.5764],[75.2505,20.5499],[75.2405,20.5509],[75.244,20.5359],[75.2344,20.5352],[75.2372,20.5205],[75.2254,20.5166],[75.2265,20.4938],[75.205,20.499],[75.1982,20.4751],[75.1596,20.4765],[75.1603,20.4376],[75.1245,20.4317],[75.1055,20.4121],[75.1255,20.3504],[75.0937,20.3357],[75.059,20.3354],[75.0532,20.3083],[74.9934,20.336],[74.9859,20.3037],[74.9562,20.2942],[74.9415,20.2802],[74.9451,20.273],[74.9455,20.2724],[74.9433,20.2727],[74.9347,20.2704],[74.8846,20.2701],[74.8724,20.2756],[74.8528,20.2854],[74.8517,20.2864],[74.8517,20.2874],[74.8628,20.3298],[74.8642,20.3351],[74.852,20.3762],[74.8506,20.3811],[74.8506,20.3811],[74.8241,20.3991],[74.8366,20.4167],[74.8019,20.4454],[74.7926,20.4778],[74.7708,20.4722],[74.7829,20.5006],[74.7625,20.5329],[74.7779,20.5365],[74.794,20.5405],[74.7958,20.5408],[74.793,20.578],[74.8098,20.5888],[74.8123,20.6169],[74.8119,20.6201],[74.8127,20.6322],[74.8127,20.6325],[74.823,20.6276],[74.8911,20.6427],[74.9,20.6561],[74.9326,20.6564],[74.9555,20.691],[74.9483,20.7214],[74.987,20.738],[74.9895,20.7485],[74.9888,20.7592],[74.9591,20.8014],[74.9594,20.8014],[74.9598,20.802],[74.9673,20.8193],[74.9759,20.8223],[74.9816,20.8294],[74.9641,20.8572],[74.9612,20.9013],[74.9337,20.9173],[74.9337,20.9264],[74.9129,20.9274],[74.9111,20.963],[74.9312,20.9689],[74.9158,20.9904],[74.9107,21.0303],[74.8925,21.0388],[74.8893,21.0512],[74.8581,21.0603],[74.8545,21.0512],[74.8391,21.0544],[74.8459,21.0701],[74.8685,21.0773],[74.8692,21.1021],[74.8857,21.1145],[74.8946,21.1491],[74.9125,21.1635],[74.9319,21.1638],[74.9637,21.1942],[74.9508,21.2001],[74.9598,21.2108],[74.944,21.2259],[74.9723,21.2203],[74.973,21.2203],[74.9752,21.2174],[75.0038,21.1883],[75.0371,21.1916],[75.0378,21.1922],[75.0429,21.2095],[75.0532,21.2138],[75.0994,21.2327],[75.1023,21.2363],[75.1152,21.2526],[75.1316,21.2788],[75.1417,21.3163],[75.1427,21.3248],[75.1209,21.3424],[75.1481,21.348],[75.1349,21.361],[75.1395,21.3823],[75.1399,21.3836],[75.1596,21.4025],[75.2333,21.4149],[75.2537,21.4019],[75.2956,21.4136],[75.2995,21.3846],[75.3074,21.3924],[75.3518,21.3904],[75.3572,21.4006],[75.3826,21.3793],[75.4256,21.3908],[75.5201,21.3872],[75.5437,21.3686],[75.6071,21.3917],[75.6232,21.3751],[75.6701,21.3748],[75.7284,21.3885],[75.833,21.3764],[75.8856,21.3944],[75.9107,21.3823],[75.9629,21.3898],[75.9865,21.3689],[76.0295,21.3646],[76.0481,21.349],[76.0957,21.3712],[76.1283,21.2866],[76.143,21.2856],[76.1591,21.2552],[76.1405,21.2412],[76.1408,21.2275],[76.1652,21.2213],[76.1584,21.2135],[76.172,21.205],[76.1652,21.1903],[76.1763,21.1841],[76.1716,21.1664],[76.1323,21.1759],[76.1101,21.1664],[76.1355,21.1207],[76.1698,21.1034],[76.1666,21.0789],[76.2593,21.0903],[76.2715,21.089],[76.279,21.0698],[76.3821,21.0757],[76.3839,21.0757],[76.3983,21.0326],[76.38,20.977]]]}},{"type":"Feature","properties":{"district":"Wardha"},"geometry":{"type":"Polygon","coordinates":[[[78.2377,21.3304],[78.2506,21.33],[78.2953,21.2928],[78.3125,21.2941],[78.3039,21.2752],[78.3247,21.2713],[78.3308,21.2504],[78.412,21.2392],[78.4303,21.2262],[78.4457,21.2363],[78.4775,21.2203],[78.5198,21.1743],[78.5309,21.139],[78.5549,21.1165],[78.5993,21.1086],[78.5975,21.089],[78.61,21.0884],[78.6139,21.0642],[78.6426,21.0587],[78.6515,21.0339],[78.6762,21.0365],[78.6909,21.0188],[78.726,21.0048],[78.7238,20.9692],[78.7332,20.9467],[78.7478,20.9447],[78.7396,20.9395],[78.7528,20.9222],[78.7826,20.9108],[78.7729,20.9036],[78.7854,20.8899],[78.8169,20.8804],[78.8277,20.8928],[78.8348,20.8925],[78.8438,20.8885],[78.8517,20.8814],[78.861,20.8412],[78.867,20.837],[78.8678,20.833],[78.8774,20.8298],[78.8832,20.8435],[78.9129,20.836],[78.9129,20.8082],[78.9454,20.7935],[78.9419,20.7677],[78.9963,20.757],[78.9966,20.7442],[79.0503,20.7377],[79.0904,20.7112],[79.103,20.7155],[79.1044,20.6877],[79.1423,20.6786],[79.1474,20.6534],[79.1696,20.6456],[79.1688,20.627],[79.1842,20.6211],[79.1889,20.5989],[79.2071,20.5999],[79.2093,20.5983],[79.2193,20.5852],[79.2208,20.5832],[79.2172,20.5525],[79.1918,20.5372],[79.1821,20.5134],[79.1699,20.514],[79.1581,20.4781],[79.1402,20.482],[79.1323,20.4572],[79.1187,20.4507],[79.1023,20.4624],[79.0521,20.466],[79.0453,20.4778],[79.0235,20.4827],[79.0017,20.4507],[78.9873,20.4657],[78.9673,20.4601],[78.9537,20.4281],[78.9003,20.4373],[78.9,20.4369],[78.857,20.4213],[78.8456,20.434],[78.8434,20.4324],[78.8366,20.4288],[78.8341,20.4271],[78.8348,20.4268],[78.8341,20.4262],[78.8463,20.4128],[78.8169,20.3968],[78.8244,20.3589],[78.8194,20.3501],[78.8305,20.3272],[78.8312,20.3227],[78.8237,20.3174],[78.799,20.3004],[78.7994,20.2998],[78.7919,20.2991],[78.7382,20.2939],[78.736,20.2949],[78.7306,20.3053],[78.7077,20.3106],[78.7084,20.3494],[78.6895,20.3586],[78.6895,20.3703],[78.6462,20.4187],[78.6476,20.435],[78.62,20.4347],[78.6118,20.4448],[78.6057,20.4311],[78.5624,20.4402],[78.5348,20.4654],[78.509,20.5251],[78.4722,20.528],[78.4503,20.5127],[78.4335,20.5196],[78.4099,20.5117],[78.2946,20.5614],[78.2788,20.56],[78.2627,20.5783],[78.2488,20.6453],[78.2695,20.6652],[78.2692,20.6655],[78.2663,20.6796],[78.2785,20.6923],[78.2742,20.6933],[78.276,20.6959],[78.2771,20.6959],[78.291,20.708],[78.2928,20.7093],[78.2967,20.6998],[78.2975,20.6988],[78.2982,20.7011],[78.3121,20.7374],[78.3064,20.7645],[78.2928,20.7746],[78.2928,20.7997],[78.2964,20.8118],[78.2993,20.8131],[78.3175,20.818],[78.3168,20.8203],[78.3161,20.8226],[78.3136,20.8321],[78.3103,20.8314],[78.2921,20.8268],[78.2924,20.8405],[78.2792,20.8428],[78.2574,20.8859],[78.2574,20.8863],[78.213,20.9088],[78.2055,20.8993],[78.1818,20.9042],[78.1686,20.9418],[78.1432,20.9535],[78.1478,20.9872],[78.1346,21.0045],[78.1453,21.0244],[78.136,21.0378],[78.1503,21.0479],[78.151,21.076],[78.1453,21.1021],[78.1281,21.1148],[78.1442,21.139],[78.0923,21.1782],[78.0966,21.1994],[78.0708,21.221],[78.0716,21.237],[78.0583,21.2396],[78.0529,21.2549],[78.0612,21.2778],[78.0809,21.282],[78.0658,21.3016],[78.0791,21.3307],[78.0755,21.3548],[78.078,21.3558],[78.145,21.3434],[78.1478,21.3424],[78.1568,21.331],[78.2327,21.3271],[78.2377,21.3304]]]}},{"type":"Feature","properties":{"district":"Buldhana"},"geometry":{"type":"Polygon","coordinates":[[[76.0062,20.6476],[76.0027,20.6525],[75.9962,20.6874],[75.9969,20.7024],[76.0062,20.7165],[76.0159,20.7312],[75.9851,20.7609],[76.012,20.7841],[76.0467,20.786],[76.0556,20.802],[76.0485,20.8147],[76.0735,20.8321],[76.0739,20.8458],[76.1097,20.8814],[76.1133,20.8925],[76.0778,20.9085],[76.08,20.9274],[76.09,20.9437],[76.1115,20.9506],[76.1176,20.978],[76.157,21.0032],[76.163,21.0355],[76.2651,20.9803],[76.2798,20.9571],[76.3456,20.9506],[76.3667,20.9777],[76.38,20.977],[76.3983,21.0326],[76.3839,21.0757],[76.3821,21.0757],[76.3811,21.0786],[76.4126,21.0881],[76.4101,21.1021],[76.4559,21.1077],[76.4512,21.1204],[76.4573,21.1331],[76.4741,21.1367],[76.4659,21.1423],[76.4781,21.1472],[76.4802,21.1818],[76.4903,21.1922],[76.5296,21.1818],[76.5654,21.1994],[76.6231,21.1847],[76.6367,21.2027],[76.6417,21.237],[76.6614,21.2409],[76.6625,21.2804],[76.724,21.2895],[76.7487,21.2507],[76.7409,21.2412],[76.7459,21.2232],[76.7609,21.22],[76.7677,21.1912],[76.7824,21.1935],[76.7752,21.1847],[76.7738,21.1831],[76.7888,21.1047],[76.7738,21.0841],[76.7853,21.0721],[76.7831,21.0528],[76.7652,21.0388],[76.7727,21.0241],[76.7935,21.0267],[76.7935,21.0267],[76.7938,21.0257],[76.7989,21.0179],[76.7967,21.0028],[76.7777,20.996],[76.777,20.9934],[76.7785,20.9894],[76.7845,20.9725],[76.8074,20.9695],[76.8121,20.9689],[76.8107,20.962],[76.8103,20.9601],[76.8096,20.9561],[76.7888,20.962],[76.7867,20.9395],[76.7756,20.9316],[76.7878,20.9274],[76.7845,20.9075],[76.7745,20.9209],[76.7452,20.9287],[76.6911,20.9176],[76.7265,20.8836],[76.7441,20.8879],[76.7455,20.8712],[76.753,20.8752],[76.7645,20.8569],[76.7434,20.8027],[76.7652,20.7925],[76.7738,20.7756],[76.7537,20.7383],[76.7631,20.7204],[76.7369,20.7148],[76.7222,20.6903],[76.7394,20.6871],[76.7319,20.6557],[76.7602,20.6495],[76.7498,20.6296],[76.7709,20.6267],[76.7609,20.6025],[76.7835,20.6038],[76.7895,20.5875],[76.7691,20.5764],[76.7824,20.5725],[76.7695,20.5173],[76.7527,20.5117],[76.7459,20.4954],[76.7341,20.4931],[76.7358,20.5107],[76.7258,20.5166],[76.7083,20.4996],[76.7111,20.4722],[76.6936,20.4605],[76.7129,20.4379],[76.7126,20.4193],[76.7273,20.3984],[76.709,20.386],[76.699,20.352],[76.7441,20.3377],[76.7423,20.3262],[76.7656,20.3161],[76.7921,20.3145],[76.7853,20.2903],[76.8171,20.2812],[76.8193,20.2805],[76.8232,20.241],[76.8232,20.2397],[76.8214,20.2378],[76.801,20.2185],[76.7845,20.2035],[76.7466,20.2067],[76.7484,20.1659],[76.7602,20.1617],[76.7566,20.128],[76.6685,20.1261],[76.6492,20.0693],[76.6302,20.0823],[76.6238,20.051],[76.6621,20.0477],[76.6574,20.0013],[76.6456,19.9844],[76.6607,19.9762],[76.661,19.9762],[76.6589,19.9648],[76.6342,19.9556],[76.6367,19.9334],[76.607,19.9236],[76.6109,19.8929],[76.6524,19.9011],[76.6528,19.9008],[76.6603,19.8929],[76.6392,19.8665],[76.6195,19.8413],[76.6156,19.8417],[76.5644,19.8446],[76.5375,19.8462],[76.5368,19.8485],[76.5339,19.8655],[76.4913,19.8939],[76.4935,19.9204],[76.4086,19.9204],[76.3918,19.9044],[76.3667,19.9285],[76.3546,19.8965],[76.3238,19.8822],[76.2962,19.8688],[76.2543,19.8769],[76.2293,19.8648],[76.1974,19.8648],[76.1838,19.8515],[76.1484,19.8557],[76.1476,19.8439],[76.138,19.8462],[76.1351,19.8469],[76.129,19.8648],[76.0975,19.857],[76.0786,19.8808],[76.0789,19.9128],[76.0589,19.9191],[76.0474,19.9468],[76.0163,19.9533],[76.0109,19.9546],[76.0123,19.9739],[75.9898,19.9736],[75.9823,19.9804],[75.9686,19.9932],[75.9633,19.9984],[75.9665,19.9997],[76.0234,20.0249],[76.0188,20.0585],[76.0682,20.0729],[76.0675,20.0748],[76.0513,20.0846],[76.056,20.098],[76.0943,20.0957],[76.1086,20.163],[76.1194,20.1613],[76.1319,20.1986],[76.1498,20.2051],[76.1333,20.2227],[76.1663,20.2384],[76.1935,20.2998],[76.1408,20.3004],[76.1473,20.3102],[76.1269,20.3158],[76.1262,20.3442],[76.1083,20.3537],[76.0925,20.3478],[76.0854,20.3664],[76.0467,20.3373],[76.0313,20.3053],[75.9679,20.3151],[75.9486,20.2988],[75.9296,20.3011],[75.9228,20.3125],[75.9243,20.3148],[75.9411,20.3413],[75.9414,20.3693],[75.9669,20.3693],[75.9396,20.4281],[75.9554,20.4654],[75.9411,20.5003],[75.9407,20.5019],[75.9425,20.5039],[75.9608,20.5202],[75.9704,20.5294],[75.9729,20.5316],[75.9765,20.5313],[75.978,20.529],[76.0012,20.5294],[76.0087,20.5382],[76.0177,20.5294],[76.0177,20.531],[76.0155,20.5512],[76.0363,20.5558],[76.0424,20.579],[76.0317,20.6374],[76.0062,20.6482],[76.0062,20.6476]]]}},{"type":"Feature","properties":{"district":"Akola"},"geometry":{"type":"Polygon","coordinates":[[[76.8193,20.2805],[76.8171,20.2812],[76.7853,20.2903],[76.7921,20.3145],[76.7656,20.3161],[76.7423,20.3262],[76.7441,20.3377],[76.699,20.352],[76.709,20.386],[76.7273,20.3984],[76.7126,20.4193],[76.7129,20.4379],[76.6936,20.4605],[76.7111,20.4722],[76.7083,20.4996],[76.7258,20.5166],[76.7358,20.5107],[76.7341,20.4931],[76.7459,20.4954],[76.7527,20.5117],[76.7695,20.5173],[76.7824,20.5725],[76.7691,20.5764],[76.7895,20.5875],[76.7835,20.6038],[76.7609,20.6025],[76.7709,20.6267],[76.7498,20.6296],[76.7602,20.6495],[76.7319,20.6557],[76.7394,20.6871],[76.7222,20.6903],[76.7369,20.7148],[76.7631,20.7204],[76.7537,20.7383],[76.7738,20.7756],[76.7652,20.7925],[76.7434,20.8027],[76.7645,20.8569],[76.753,20.8752],[76.7455,20.8712],[76.7441,20.8879],[76.7265,20.8836],[76.6911,20.9176],[76.7452,20.9287],[76.7745,20.9209],[76.7845,20.9075],[76.7878,20.9274],[76.7756,20.9316],[76.7867,20.9395],[76.7888,20.962],[76.8096,20.9561],[76.8103,20.9601],[76.8107,20.962],[76.8121,20.9689],[76.8074,20.9695],[76.7845,20.9725],[76.7785,20.9894],[76.777,20.9934],[76.7777,20.996],[76.7967,21.0028],[76.7989,21.0179],[76.7938,21.0257],[76.7935,21.0267],[76.7935,21.0267],[76.7727,21.0241],[76.7652,21.0388],[76.7831,21.0528],[76.7853,21.0721],[76.7738,21.0841],[76.7888,21.1047],[76.7738,21.1831],[76.7752,21.1847],[76.7824,21.1935],[76.7885,21.186],[76.7906,21.1834],[76.9166,21.2007],[76.9986,21.1958],[77.0061,21.2288],[77.0341,21.2468],[77.0799,21.2161],[77.0939,21.2262],[77.1311,21.2203],[77.1672,21.2428],[77.1697,21.2428],[77.1905,21.2373],[77.1905,21.2353],[77.1744,21.2229],[77.1848,21.1997],[77.1669,21.1867],[77.1601,21.1452],[77.1633,21.1357],[77.1966,21.1387],[77.1966,21.121],[77.1723,21.1188],[77.1762,21.0724],[77.1501,21.0698],[77.1501,21.0332],[77.173,21.0237],[77.1723,21.0136],[77.1672,20.9891],[77.1332,20.9891],[77.1347,20.9744],[77.1604,20.9718],[77.135,20.9205],[77.1293,20.8634],[77.1529,20.8585],[77.1604,20.8699],[77.1805,20.8497],[77.2109,20.8484],[77.2217,20.8585],[77.2861,20.8467],[77.3151,20.8575],[77.3369,20.8438],[77.435,20.8428],[77.4651,20.8804],[77.4791,20.8797],[77.4755,20.8608],[77.5288,20.8487],[77.551,20.8543],[77.5528,20.8232],[77.6101,20.7997],[77.6108,20.7785],[77.6198,20.7792],[77.6108,20.7191],[77.6108,20.7178],[77.5782,20.7272],[77.5618,20.7011],[77.5199,20.7027],[77.5356,20.6978],[77.5389,20.6835],[77.512,20.6822],[77.5106,20.6639],[77.4891,20.6815],[77.4783,20.6626],[77.4243,20.659],[77.4153,20.6456],[77.4404,20.6423],[77.4597,20.6175],[77.459,20.6175],[77.4103,20.6103],[77.4067,20.5898],[77.367,20.5806],[77.3616,20.5679],[77.3398,20.5751],[77.3359,20.5258],[77.3652,20.5179],[77.396,20.5258],[77.3892,20.5023],[77.3817,20.4836],[77.3688,20.4804],[77.3692,20.4964],[77.3273,20.4977],[77.324,20.4869],[77.3394,20.4836],[77.3434,20.4716],[77.3298,20.4693],[77.3251,20.4503],[77.2979,20.4461],[77.2911,20.42],[77.2775,20.4229],[77.2664,20.4585],[77.2299,20.4738],[77.2256,20.4474],[77.1862,20.4484],[77.1837,20.4324],[77.1973,20.4249],[77.183,20.3981],[77.1511,20.3994],[77.1408,20.3795],[77.1207,20.4108],[77.0913,20.4177],[77.0896,20.3951],[77.0559,20.3867],[77.047,20.3906],[77.0473,20.418],[77.0591,20.4438],[77.0391,20.4474],[77.0248,20.449],[77.014,20.4128],[76.9922,20.4079],[76.9954,20.3938],[76.9743,20.3798],[76.9771,20.3707],[76.9575,20.3628],[76.9356,20.3703],[76.932,20.3566],[76.9191,20.3596],[76.8977,20.3351],[76.8919,20.3171],[76.9098,20.3125],[76.8794,20.2916],[76.8798,20.2792],[76.8722,20.2747],[76.869,20.2786],[76.8662,20.2822],[76.8529,20.2985],[76.8486,20.2988],[76.8239,20.2851],[76.8193,20.2805]]]}},{"type":"Feature","properties":{"district":"Nashik"},"geometry":{"type":"Polygon","coordinates":[[[74.8127,20.6322],[74.8119,20.6201],[74.8123,20.6169],[74.8098,20.5888],[74.793,20.578],[74.7958,20.5408],[74.794,20.5405],[74.7779,20.5365],[74.7625,20.5329],[74.7829,20.5006],[74.7708,20.4722],[74.7926,20.4778],[74.8019,20.4454],[74.8366,20.4167],[74.8241,20.3991],[74.8506,20.3811],[74.8506,20.3811],[74.852,20.3762],[74.8642,20.3351],[74.8628,20.3298],[74.8517,20.2874],[74.8517,20.2864],[74.8528,20.2854],[74.8724,20.2756],[74.8846,20.2701],[74.9347,20.2704],[74.9326,20.2511],[74.9054,20.2462],[74.9079,20.2195],[74.9283,20.2175],[74.9272,20.1542],[74.9068,20.1551],[74.8957,20.1803],[74.8556,20.1796],[74.8538,20.2302],[74.8302,20.2351],[74.8184,20.2502],[74.784,20.2342],[74.7837,20.227],[74.7998,20.2316],[74.784,20.2058],[74.7622,20.2048],[74.7597,20.1858],[74.7206,20.1937],[74.7113,20.1734],[74.7149,20.1346],[74.7035,20.1146],[74.7303,20.1137],[74.736,20.0804],[74.7103,20.0797],[74.7199,20.0536],[74.706,20.0412],[74.7171,20.0183],[74.6888,20.0079],[74.6863,19.969],[74.6727,19.9622],[74.672,19.9589],[74.6705,19.9468],[74.5689,19.9546],[74.523,19.9768],[74.5194,19.968],[74.4794,19.9641],[74.4808,19.9951],[74.4582,19.9955],[74.4428,19.9739],[74.3816,19.9811],[74.3626,19.9654],[74.3494,19.9674],[74.3476,19.9844],[74.3193,19.9853],[74.3036,19.9667],[74.286,19.987],[74.286,19.987],[74.2807,19.9569],[74.2477,19.9631],[74.2481,19.9351],[74.2724,19.9334],[74.2749,19.9063],[74.3358,19.8871],[74.3372,19.8727],[74.3626,19.8714],[74.3734,19.8018],[74.3276,19.7956],[74.3175,19.7646],[74.2753,19.7773],[74.2692,19.76],[74.247,19.744],[74.1672,19.7306],[74.1529,19.6879],[74.135,19.6908],[74.1443,19.6735],[74.1196,19.6412],[74.0999,19.649],[74.0977,19.6408],[74.0712,19.6608],[74.0207,19.6735],[73.9259,19.6725],[73.9076,19.6846],[73.9112,19.7022],[73.8947,19.7163],[73.8976,19.746],[73.8854,19.745],[73.8672,19.7434],[73.84,19.7411],[73.8375,19.7408],[73.8375,19.7401],[73.8382,19.7221],[73.8188,19.7143],[73.8099,19.6836],[73.7927,19.6879],[73.8063,19.6768],[73.7816,19.6598],[73.7802,19.6506],[73.7931,19.6425],[73.7766,19.6408],[73.7752,19.6265],[73.7669,19.6333],[73.7379,19.618],[73.7215,19.6196],[73.7039,19.5961],[73.6817,19.5883],[73.6613,19.584],[73.6345,19.5958],[73.6162,19.5857],[73.6144,19.5922],[73.6137,19.5951],[73.5883,19.6069],[73.5758,19.6023],[73.5851,19.6111],[73.5632,19.6193],[73.5593,19.6454],[73.5439,19.6588],[73.5292,19.6973],[73.5156,19.6973],[73.5199,19.7068],[73.4852,19.7248],[73.4848,19.7251],[73.487,19.7261],[73.5034,19.7336],[73.5034,19.7365],[73.5009,19.7535],[73.4959,19.7597],[73.4508,19.7649],[73.4501,19.7662],[73.4483,19.7692],[73.4447,19.7741],[73.4422,19.826],[73.4204,19.8348],[73.4139,19.858],[73.4139,19.8583],[73.4368,19.8737],[73.4211,19.9161],[73.4394,19.9344],[73.4397,19.9556],[73.4555,19.9586],[73.4508,19.9824],[73.4257,19.9853],[73.4064,20.0186],[73.3663,20.02],[73.3577,20.0405],[73.3162,20.048],[73.3148,20.0493],[73.3141,20.0503],[73.3083,20.0562],[73.3137,20.0911],[73.2711,20.096],[73.2697,20.1094],[73.2489,20.1225],[73.2539,20.1378],[73.2793,20.1499],[73.2833,20.1982],[73.2994,20.2097],[73.3434,20.1992],[73.357,20.2129],[73.3531,20.2015],[73.3652,20.1956],[73.3839,20.2113],[73.3896,20.1927],[73.4215,20.2067],[73.4121,20.2655],[73.4279,20.2802],[73.4125,20.3605],[73.4043,20.386],[73.3828,20.3723],[73.3799,20.3932],[73.4193,20.4131],[73.4311,20.4542],[73.468,20.4964],[73.4694,20.5199],[73.4938,20.5382],[73.4752,20.5437],[73.473,20.5845],[73.4311,20.594],[73.4204,20.627],[73.4075,20.6237],[73.3921,20.6492],[73.4311,20.6649],[73.4325,20.6773],[73.4447,20.6828],[73.4497,20.7174],[73.4748,20.7204],[73.4902,20.6864],[73.4784,20.6766],[73.4895,20.6557],[73.5042,20.6707],[73.5181,20.6678],[73.521,20.6786],[73.5507,20.6485],[73.5693,20.6515],[73.6155,20.6244],[73.6269,20.5849],[73.6524,20.5646],[73.6695,20.563],[73.6953,20.5783],[73.7444,20.5649],[73.7766,20.6009],[73.7988,20.5986],[73.8382,20.6205],[73.8389,20.659],[73.8306,20.675],[73.8174,20.6717],[73.812,20.6923],[73.8353,20.7021],[73.8554,20.6923],[73.8743,20.7295],[73.9173,20.7246],[73.9416,20.7413],[73.9413,20.7579],[73.932,20.7605],[73.9413,20.8399],[73.961,20.8415],[73.9663,20.852],[74.02,20.8337],[74.0172,20.8458],[74.0261,20.8513],[74.0451,20.835],[74.0619,20.8487],[74.0963,20.8412],[74.1034,20.8556],[74.1299,20.8631],[74.1303,20.8631],[74.1464,20.85],[74.1582,20.851],[74.1575,20.8621],[74.2341,20.8481],[74.2499,20.8608],[74.2642,20.8513],[74.2907,20.8565],[74.3147,20.8422],[74.3258,20.8481],[74.3319,20.8356],[74.349,20.8585],[74.3591,20.8441],[74.3805,20.8396],[74.397,20.8598],[74.4031,20.8373],[74.3873,20.8356],[74.436,20.802],[74.4486,20.8167],[74.4747,20.8206],[74.4786,20.8337],[74.4865,20.8187],[74.5055,20.8187],[74.5119,20.8082],[74.5377,20.8363],[74.5642,20.8236],[74.5728,20.8314],[74.5782,20.8154],[74.619,20.8046],[74.6333,20.7827],[74.6648,20.7749],[74.653,20.757],[74.6609,20.7393],[74.6498,20.6939],[74.7092,20.6861],[74.7325,20.6773],[74.7364,20.6655],[74.8019,20.66],[74.8001,20.6381],[74.8098,20.6381],[74.8105,20.6332],[74.8127,20.6322]]]}},{"type":"Feature","properties":{"district":"Gadchiroli"},"geometry":{"type":"Polygon","coordinates":[[[79.9826,20.6773],[79.9908,20.6743],[80.0137,20.6747],[80.0159,20.6675],[80.0313,20.6982],[80.0578,20.7125],[80.0928,20.6916],[80.1136,20.6952],[80.1376,20.6845],[80.1623,20.6939],[80.1781,20.6769],[80.2421,20.6554],[80.2504,20.6783],[80.2726,20.6799],[80.2812,20.7109],[80.2994,20.7116],[80.3087,20.7276],[80.3324,20.821],[80.3896,20.8066],[80.3939,20.8072],[80.4161,20.8252],[80.4602,20.8193],[80.5225,20.8347],[80.5615,20.8229],[80.5489,20.7958],[80.5518,20.7638],[80.5629,20.7475],[80.5651,20.7106],[80.588,20.6838],[80.5801,20.6727],[80.5199,20.6564],[80.4813,20.6182],[80.5042,20.5836],[80.5207,20.5806],[80.5808,20.6084],[80.632,20.5986],[80.6173,20.5858],[80.6266,20.5636],[80.6152,20.5499],[80.6198,20.5045],[80.6023,20.45],[80.6137,20.435],[80.5915,20.3929],[80.6109,20.3749],[80.6263,20.3325],[80.6105,20.3181],[80.5493,20.3086],[80.5189,20.2658],[80.4809,20.275],[80.3954,20.2449],[80.405,20.2188],[80.4222,20.2058],[80.3886,20.1649],[80.4018,20.1473],[80.4337,20.1352],[80.4555,20.1378],[80.4602,20.1509],[80.5053,20.1444],[80.5518,20.1179],[80.5443,20.0954],[80.5568,20.0715],[80.5425,20.0105],[80.5493,19.986],[80.53,19.9396],[80.4888,19.9305],[80.473,19.9507],[80.4523,19.9576],[80.4115,19.9383],[80.4136,19.9073],[80.4498,19.8962],[80.4688,19.9076],[80.4913,19.9021],[80.506,19.8707],[80.4863,19.8632],[80.4691,19.8266],[80.4408,19.8103],[80.4022,19.8165],[80.4018,19.7959],[80.4641,19.7956],[80.4888,19.7705],[80.4849,19.8022],[80.4691,19.8103],[80.4806,19.8276],[80.5203,19.8319],[80.5461,19.8185],[80.5425,19.7799],[80.5525,19.7653],[80.6764,19.6993],[80.6653,19.6115],[80.7147,19.6167],[80.7408,19.6062],[80.7698,19.5866],[80.7756,19.5625],[80.8361,19.5664],[80.8568,19.523],[80.8955,19.5197],[80.8984,19.4818],[80.8744,19.4452],[80.8422,19.4469],[80.8135,19.4338],[80.8121,19.407],[80.8282,19.3799],[80.8532,19.3639],[80.7752,19.3146],[80.7509,19.2869],[80.6896,19.2865],[80.6936,19.3146],[80.68,19.3303],[80.632,19.3071],[80.613,19.3094],[80.5762,19.4021],[80.5443,19.3835],[80.5203,19.3479],[80.4824,19.3378],[80.4483,19.2666],[80.3893,19.2376],[80.3843,19.215],[80.3939,19.1876],[80.3334,19.1455],[80.3277,19.1347],[80.3399,19.1001],[80.3281,19.0949],[80.3298,19.0701],[80.2976,19.0488],[80.303,19.022],[80.2733,18.993],[80.2708,18.9385],[80.3495,18.848],[80.3517,18.8163],[80.2998,18.7945],[80.2747,18.7657],[80.2454,18.7657],[80.2729,18.7233],[80.2486,18.7063],[80.2128,18.7056],[80.1967,18.6808],[80.1576,18.7011],[80.1183,18.6808],[80.0528,18.7249],[80.0184,18.7703],[79.9643,18.7739],[79.9142,18.8238],[79.9615,18.8666],[79.9403,19.0318],[79.9289,19.0492],[79.8709,19.041],[79.8584,19.1027],[79.8738,19.1243],[79.9457,19.1696],[79.9242,19.2258],[79.9364,19.264],[79.9658,19.3032],[79.959,19.3362],[79.9779,19.4005],[79.945,19.4701],[79.9146,19.4959],[79.8644,19.5106],[79.8064,19.5788],[79.7857,19.6444],[79.7825,19.727],[79.7535,19.7577],[79.737,19.8159],[79.7442,19.8377],[79.7803,19.8606],[79.8032,19.8923],[79.7692,19.9657],[79.7692,19.9657],[79.7696,19.9671],[79.7828,20.0098],[79.8107,20.0275],[79.8218,20.0278],[79.8444,20.0291],[79.853,20.0294],[79.8533,20.0281],[79.8695,19.9893],[79.8727,19.9814],[79.8763,19.9791],[79.9049,19.9687],[79.9156,19.9693],[79.9532,19.9919],[79.9897,20.0457],[79.9675,20.1179],[79.93,20.1306],[79.9253,20.1352],[79.9142,20.1457],[79.9106,20.1493],[79.9121,20.1519],[79.935,20.1943],[79.9865,20.2146],[79.9883,20.2208],[79.9847,20.2348],[79.9421,20.2903],[79.9479,20.324],[79.9715,20.3537],[79.9572,20.3834],[79.9622,20.4167],[79.9385,20.4435],[79.9385,20.4438],[79.95,20.531],[79.9246,20.5558],[79.9382,20.6015],[79.9364,20.6312],[79.9343,20.6639],[79.9335,20.6727],[79.9332,20.6799],[79.9611,20.6949],[79.9826,20.6773]]]}},{"type":"Feature","properties":{"district":"Washim"},"geometry":{"type":"Polygon","coordinates":[[[76.6392,19.8665],[76.6603,19.8929],[76.6528,19.9008],[76.6524,19.9011],[76.6109,19.8929],[76.607,19.9236],[76.6367,19.9334],[76.6342,19.9556],[76.6589,19.9648],[76.661,19.9762],[76.6607,19.9762],[76.6456,19.9844],[76.6574,20.0013],[76.6621,20.0477],[76.6238,20.051],[76.6302,20.0823],[76.6492,20.0693],[76.6685,20.1261],[76.7566,20.128],[76.7602,20.1617],[76.7484,20.1659],[76.7466,20.2067],[76.7845,20.2035],[76.801,20.2185],[76.8214,20.2378],[76.8232,20.2397],[76.8232,20.241],[76.8193,20.2805],[76.8239,20.2851],[76.8486,20.2988],[76.8529,20.2985],[76.8662,20.2822],[76.869,20.2786],[76.8722,20.2747],[76.8798,20.2792],[76.8794,20.2916],[76.9098,20.3125],[76.8919,20.3171],[76.8977,20.3351],[76.9191,20.3596],[76.932,20.3566],[76.9356,20.3703],[76.9575,20.3628],[76.9771,20.3707],[76.9743,20.3798],[76.9954,20.3938],[76.9922,20.4079],[77.014,20.4128],[77.0248,20.449],[77.0391,20.4474],[77.0591,20.4438],[77.0473,20.418],[77.047,20.3906],[77.0559,20.3867],[77.0896,20.3951],[77.0913,20.4177],[77.1207,20.4108],[77.1408,20.3795],[77.1511,20.3994],[77.183,20.3981],[77.1973,20.4249],[77.1837,20.4324],[77.1862,20.4484],[77.2256,20.4474],[77.2299,20.4738],[77.2664,20.4585],[77.2775,20.4229],[77.2911,20.42],[77.2979,20.4461],[77.3251,20.4503],[77.3298,20.4693],[77.3434,20.4716],[77.3394,20.4836],[77.324,20.4869],[77.3273,20.4977],[77.3692,20.4964],[77.3688,20.4804],[77.3817,20.4836],[77.3892,20.5023],[77.396,20.5258],[77.3652,20.5179],[77.3359,20.5258],[77.3398,20.5751],[77.3616,20.5679],[77.367,20.5806],[77.4067,20.5898],[77.4103,20.6103],[77.459,20.6175],[77.4597,20.6175],[77.4404,20.6423],[77.4153,20.6456],[77.4243,20.659],[77.4783,20.6626],[77.4891,20.6815],[77.5106,20.6639],[77.512,20.6822],[77.5389,20.6835],[77.5356,20.6978],[77.5199,20.7027],[77.5618,20.7011],[77.5782,20.7272],[77.6108,20.7178],[77.6337,20.7125],[77.6352,20.659],[77.6541,20.6606],[77.648,20.6485],[77.6566,20.6391],[77.6276,20.5666],[77.6502,20.5643],[77.6423,20.532],[77.6735,20.5388],[77.6903,20.5349],[77.6874,20.5235],[77.6667,20.5169],[77.6538,20.4977],[77.643,20.4507],[77.6151,20.4663],[77.5979,20.4467],[77.6036,20.436],[77.59,20.4291],[77.5954,20.4121],[77.5818,20.4157],[77.5736,20.4],[77.5789,20.372],[77.5678,20.3455],[77.5671,20.3436],[77.5675,20.3302],[77.5843,20.3266],[77.594,20.2805],[77.6105,20.2786],[77.6105,20.2636],[77.6659,20.2472],[77.6445,20.1871],[77.6523,20.1721],[77.6788,20.1679],[77.6792,20.1679],[77.676,20.1467],[77.6695,20.1019],[77.6584,20.0967],[77.628,20.0353],[77.5804,20.0291],[77.5553,20.0474],[77.5245,20.0967],[77.4945,20.0794],[77.4787,20.0843],[77.4637,20.0693],[77.3649,20.0986],[77.3699,20.0898],[77.3527,20.0653],[77.372,20.0464],[77.3548,20.0134],[77.3405,20.0075],[77.3359,19.9736],[77.3219,19.9592],[77.3044,19.9654],[77.2986,19.9435],[77.2847,19.937],[77.2847,19.9086],[77.2754,19.9161],[77.2711,19.9171],[77.2675,19.8982],[77.2671,19.8982],[77.2671,19.8978],[77.2618,19.8965],[77.2367,19.8916],[77.2353,19.8913],[77.2431,19.9047],[77.2367,19.937],[77.2073,19.9403],[77.207,19.9403],[77.2145,19.9733],[77.2009,19.9909],[77.1855,19.9844],[77.178,19.9808],[77.1712,19.9654],[77.1386,19.9553],[77.1343,19.9432],[77.1028,19.9321],[77.1024,19.9328],[77.0609,19.9945],[77.0362,20.0082],[77.0126,20.002],[76.994,20.0173],[76.9882,19.9977],[76.9224,19.9752],[76.9005,19.9638],[76.8952,19.9488],[76.8375,19.9638],[76.8214,19.9292],[76.7727,19.9354],[76.7645,19.9047],[76.7469,19.9125],[76.7401,19.8733],[76.6968,19.8759],[76.6811,19.8472],[76.6392,19.8665]]]}},{"type":"Feature","properties":{"district":"Chandrapur"},"geometry":{"type":"Polygon","coordinates":[[[79.9335,20.6727],[79.9343,20.6639],[79.9364,20.6312],[79.9382,20.6015],[79.9246,20.5558],[79.95,20.531],[79.9385,20.4438],[79.9385,20.4435],[79.9622,20.4167],[79.9572,20.3834],[79.9715,20.3537],[79.9479,20.324],[79.9421,20.2903],[79.9847,20.2348],[79.9883,20.2208],[79.9865,20.2146],[79.935,20.1943],[79.9121,20.1519],[79.9106,20.1493],[79.9142,20.1457],[79.9253,20.1352],[79.93,20.1306],[79.9675,20.1179],[79.9897,20.0457],[79.9532,19.9919],[79.9156,19.9693],[79.9049,19.9687],[79.8763,19.9791],[79.8727,19.9814],[79.8695,19.9893],[79.8533,20.0281],[79.853,20.0294],[79.8444,20.0291],[79.8218,20.0278],[79.8107,20.0275],[79.7828,20.0098],[79.7696,19.9671],[79.7692,19.9657],[79.7692,19.9657],[79.8032,19.8923],[79.7803,19.8606],[79.7442,19.8377],[79.737,19.8159],[79.7535,19.7577],[79.7825,19.727],[79.7857,19.6444],[79.8064,19.5788],[79.7785,19.5997],[79.7431,19.6088],[79.7091,19.5847],[79.6278,19.5732],[79.6142,19.5595],[79.5959,19.5073],[79.553,19.5243],[79.5397,19.5546],[79.5186,19.5432],[79.5186,19.52],[79.4717,19.5004],[79.4334,19.5373],[79.4205,19.5295],[79.4055,19.5354],[79.3657,19.5765],[79.3185,19.5768],[79.3142,19.5667],[79.307,19.5968],[79.273,19.5987],[79.2433,19.6167],[79.2387,19.6062],[79.2533,19.5932],[79.2369,19.5572],[79.2397,19.535],[79.2039,19.4942],[79.2236,19.4694],[79.191,19.459],[79.098,19.5321],[79.046,19.5484],[78.9981,19.5403],[78.9812,19.5608],[78.9741,19.5494],[78.9404,19.552],[78.9379,19.5618],[78.973,19.5824],[78.9555,19.6004],[78.9555,19.6559],[78.9036,19.6702],[78.8867,19.6552],[78.8517,19.6585],[78.8599,19.6895],[78.8409,19.762],[78.8771,19.7675],[78.8771,19.7675],[78.8789,19.7545],[78.8796,19.7486],[78.8796,19.7476],[78.8864,19.745],[78.9021,19.7381],[78.9036,19.7375],[78.9315,19.745],[78.9494,19.7499],[78.9505,19.7502],[78.9372,19.777],[78.9515,19.7986],[78.9719,19.807],[79.0235,19.8002],[79.041,19.8214],[79.0718,19.8182],[79.0901,19.8466],[79.1062,19.8475],[79.1101,19.8475],[79.1166,19.8547],[79.1423,19.8838],[79.1466,19.8884],[79.1484,19.8965],[79.0908,19.9168],[79.0883,19.9494],[79.1091,19.9703],[79.0912,19.9827],[79.1119,19.9912],[79.1083,20.0095],[79.0829,20.0232],[79.0729,20.0644],[79.0439,20.0686],[79.0482,20.0866],[79.0192,20.1114],[78.9988,20.1277],[78.9694,20.1271],[78.9687,20.144],[78.9812,20.1493],[78.954,20.1721],[78.9626,20.208],[78.9222,20.2387],[78.9211,20.2541],[78.8151,20.2511],[78.8148,20.2521],[78.8198,20.2766],[78.7997,20.2998],[78.7994,20.2998],[78.799,20.3004],[78.8237,20.3174],[78.8312,20.3227],[78.8305,20.3272],[78.8194,20.3501],[78.8244,20.3589],[78.8169,20.3968],[78.8463,20.4128],[78.8341,20.4262],[78.8348,20.4268],[78.8341,20.4271],[78.8366,20.4288],[78.8434,20.4324],[78.8456,20.434],[78.857,20.4213],[78.9,20.4369],[78.9003,20.4373],[78.9537,20.4281],[78.9673,20.4601],[78.9873,20.4657],[79.0017,20.4507],[79.0235,20.4827],[79.0453,20.4778],[79.0521,20.466],[79.1023,20.4624],[79.1187,20.4507],[79.1323,20.4572],[79.1402,20.482],[79.1581,20.4781],[79.1699,20.514],[79.1821,20.5134],[79.1918,20.5372],[79.2172,20.5525],[79.2208,20.5832],[79.2931,20.5927],[79.321,20.5849],[79.3471,20.6352],[79.341,20.6443],[79.3536,20.6531],[79.3489,20.676],[79.3797,20.6828],[79.3987,20.659],[79.4363,20.6609],[79.4696,20.6799],[79.4893,20.7093],[79.505,20.7021],[79.5179,20.7142],[79.5186,20.7142],[79.5652,20.7073],[79.5669,20.6969],[79.5895,20.6916],[79.6092,20.6959],[79.6196,20.676],[79.6607,20.6668],[79.6636,20.6544],[79.6944,20.642],[79.6947,20.6423],[79.6922,20.674],[79.7094,20.6874],[79.751,20.6903],[79.752,20.6992],[79.7574,20.7338],[79.7574,20.7347],[79.786,20.721],[79.8029,20.6978],[79.839,20.6828],[79.8884,20.6894],[79.9296,20.6694],[79.9335,20.6727]]]}},{"type":"Feature","properties":{"district":"Yavatmal"},"geometry":{"type":"Polygon","coordinates":[[[78.2742,20.6933],[78.2785,20.6923],[78.2663,20.6796],[78.2692,20.6655],[78.2695,20.6652],[78.2488,20.6453],[78.2627,20.5783],[78.2788,20.56],[78.2946,20.5614],[78.4099,20.5117],[78.4335,20.5196],[78.4503,20.5127],[78.4722,20.528],[78.509,20.5251],[78.5348,20.4654],[78.5624,20.4402],[78.6057,20.4311],[78.6118,20.4448],[78.62,20.4347],[78.6476,20.435],[78.6462,20.4187],[78.6895,20.3703],[78.6895,20.3586],[78.7084,20.3494],[78.7077,20.3106],[78.7306,20.3053],[78.736,20.2949],[78.7382,20.2939],[78.7919,20.2991],[78.7994,20.2998],[78.7997,20.2998],[78.8198,20.2766],[78.8148,20.2521],[78.8151,20.2511],[78.9211,20.2541],[78.9222,20.2387],[78.9626,20.208],[78.954,20.1721],[78.9812,20.1493],[78.9687,20.144],[78.9694,20.1271],[78.9988,20.1277],[79.0192,20.1114],[79.0482,20.0866],[79.0439,20.0686],[79.0729,20.0644],[79.0829,20.0232],[79.1083,20.0095],[79.1119,19.9912],[79.0912,19.9827],[79.1091,19.9703],[79.0883,19.9494],[79.0908,19.9168],[79.1484,19.8965],[79.1466,19.8884],[79.1423,19.8838],[79.1166,19.8547],[79.1101,19.8475],[79.1062,19.8475],[79.0901,19.8466],[79.0718,19.8182],[79.041,19.8214],[79.0235,19.8002],[78.9719,19.807],[78.9515,19.7986],[78.9372,19.777],[78.9505,19.7502],[78.9494,19.7499],[78.9315,19.745],[78.9036,19.7375],[78.9021,19.7381],[78.8864,19.745],[78.8796,19.7476],[78.8796,19.7486],[78.8789,19.7545],[78.8771,19.7675],[78.8771,19.7675],[78.8409,19.762],[78.8044,19.7561],[78.7822,19.7786],[78.7564,19.7728],[78.7385,19.7832],[78.7195,19.7666],[78.6991,19.7888],[78.6036,19.8185],[78.5155,19.8191],[78.5073,19.7976],[78.4904,19.7927],[78.4725,19.8172],[78.4317,19.8146],[78.4002,19.8342],[78.3862,19.8462],[78.3805,19.8805],[78.329,19.8871],[78.3247,19.8975],[78.334,19.9057],[78.3265,19.9164],[78.3061,19.9112],[78.2842,19.9057],[78.2742,19.874],[78.2538,19.8662],[78.2534,19.8665],[78.2409,19.8828],[78.257,19.9017],[78.2506,19.9246],[78.2051,19.8985],[78.2047,19.8985],[78.1646,19.9066],[78.1435,19.9109],[78.1285,19.8946],[78.1038,19.8903],[78.1027,19.8906],[78.0744,19.8965],[78.0537,19.9246],[78.0154,19.9076],[77.9531,19.9086],[77.9015,19.8782],[77.8722,19.8319],[77.8704,19.8214],[77.8539,19.8035],[77.8496,19.7966],[77.8639,19.7728],[77.8625,19.7457],[77.8761,19.7437],[77.8904,19.7257],[77.9341,19.7381],[77.9803,19.699],[77.9856,19.6781],[77.9878,19.6768],[78.0118,19.682],[78.0304,19.6924],[78.0476,19.6898],[78.0547,19.6634],[78.0884,19.6372],[78.1027,19.6559],[78.1245,19.6516],[78.1313,19.6644],[78.179,19.6506],[78.1797,19.6497],[78.1969,19.6164],[78.1893,19.5592],[78.189,19.5582],[78.151,19.5445],[78.1199,19.5488],[78.1356,19.5194],[78.1356,19.519],[78.1224,19.5106],[78.1127,19.4818],[78.0948,19.4828],[78.0694,19.4583],[78.0687,19.4586],[78.0683,19.4583],[78.0247,19.4893],[78.0189,19.4704],[78.0146,19.456],[78.0143,19.455],[77.9982,19.455],[77.9924,19.455],[77.9921,19.455],[77.9713,19.5083],[77.9527,19.5112],[77.938,19.4968],[77.9072,19.5341],[77.889,19.519],[77.8854,19.5014],[77.86,19.522],[77.8435,19.5106],[77.8439,19.488],[77.8267,19.4789],[77.8467,19.4524],[77.831,19.4394],[77.8199,19.4407],[77.8052,19.4642],[77.7991,19.4501],[77.749,19.4299],[77.6989,19.4384],[77.6971,19.4384],[77.6942,19.4554],[77.7111,19.4769],[77.7386,19.4828],[77.7336,19.4946],[77.7494,19.5089],[77.7454,19.5252],[77.7279,19.5324],[77.7057,19.522],[77.6957,19.5396],[77.6355,19.5497],[77.6334,19.5572],[77.6491,19.5572],[77.638,19.5932],[77.6445,19.6072],[77.6273,19.6059],[77.6258,19.6252],[77.6119,19.6291],[77.6165,19.6382],[77.6069,19.6484],[77.5976,19.6428],[77.5782,19.6588],[77.5542,19.6506],[77.5378,19.6686],[77.4583,19.6823],[77.4458,19.6892],[77.4433,19.6895],[77.4436,19.6901],[77.449,19.7009],[77.4386,19.7251],[77.411,19.746],[77.3928,19.7277],[77.3803,19.7287],[77.3803,19.7297],[77.3835,19.7672],[77.4053,19.775],[77.3781,19.7871],[77.3878,19.8198],[77.3659,19.826],[77.3552,19.8168],[77.3538,19.8182],[77.3516,19.8195],[77.3434,19.8257],[77.3434,19.8299],[77.343,19.8342],[77.343,19.8368],[77.3598,19.8355],[77.3516,19.8492],[77.3613,19.8599],[77.3452,19.8639],[77.3459,19.8759],[77.3226,19.888],[77.2951,19.8844],[77.2947,19.8857],[77.2943,19.8916],[77.2936,19.8952],[77.2943,19.8952],[77.3133,19.8955],[77.3122,19.9122],[77.3029,19.9099],[77.2879,19.906],[77.2847,19.905],[77.2847,19.9086],[77.2847,19.937],[77.2986,19.9435],[77.3044,19.9654],[77.3219,19.9592],[77.3359,19.9736],[77.3405,20.0075],[77.3548,20.0134],[77.372,20.0464],[77.3527,20.0653],[77.3699,20.0898],[77.3649,20.0986],[77.4637,20.0693],[77.4787,20.0843],[77.4945,20.0794],[77.5245,20.0967],[77.5553,20.0474],[77.5804,20.0291],[77.628,20.0353],[77.6584,20.0967],[77.6695,20.1019],[77.676,20.1467],[77.6792,20.1679],[77.6788,20.1679],[77.6523,20.1721],[77.6445,20.1871],[77.6659,20.2472],[77.6105,20.2636],[77.6105,20.2786],[77.594,20.2805],[77.5843,20.3266],[77.5675,20.3302],[77.5671,20.3436],[77.5678,20.3455],[77.5789,20.372],[77.5736,20.4],[77.5818,20.4157],[77.5954,20.4121],[77.59,20.4291],[77.6036,20.436],[77.5979,20.4467],[77.6151,20.4663],[77.643,20.4507],[77.6538,20.4977],[77.6667,20.5169],[77.6874,20.5235],[77.6903,20.5349],[77.6735,20.5388],[77.6423,20.532],[77.6502,20.5643],[77.6509,20.5649],[77.6659,20.58],[77.6971,20.5721],[77.7415,20.5614],[77.7515,20.5447],[77.7787,20.5401],[77.8056,20.5643],[77.8106,20.5842],[77.8403,20.5649],[77.8464,20.5878],[77.8671,20.5953],[77.8661,20.6103],[77.8786,20.6094],[77.8947,20.625],[77.9176,20.6074],[77.9126,20.5669],[77.9251,20.5587],[77.9327,20.5754],[77.9731,20.5875],[77.9953,20.6244],[78.0204,20.626],[78.0186,20.6404],[78.0368,20.6655],[78.0895,20.6714],[78.0991,20.6658],[78.0934,20.641],[78.1106,20.6394],[78.1292,20.6469],[78.1281,20.6626],[78.1568,20.6587],[78.1822,20.6773],[78.2055,20.674],[78.2173,20.6903],[78.2187,20.6926],[78.2549,20.6832],[78.2556,20.6832],[78.2613,20.6972],[78.2742,20.6933]]]}},{"type":"Feature","properties":{"district":"Jalna"},"geometry":{"type":"Polygon","coordinates":[[[75.9765,20.5313],[75.9729,20.5316],[75.9704,20.5294],[75.9608,20.5202],[75.9425,20.5039],[75.9407,20.5019],[75.9411,20.5003],[75.9554,20.4654],[75.9396,20.4281],[75.9669,20.3693],[75.9414,20.3693],[75.9411,20.3413],[75.9243,20.3148],[75.9228,20.3125],[75.9296,20.3011],[75.9486,20.2988],[75.9679,20.3151],[76.0313,20.3053],[76.0467,20.3373],[76.0854,20.3664],[76.0925,20.3478],[76.1083,20.3537],[76.1262,20.3442],[76.1269,20.3158],[76.1473,20.3102],[76.1408,20.3004],[76.1935,20.2998],[76.1663,20.2384],[76.1333,20.2227],[76.1498,20.2051],[76.1319,20.1986],[76.1194,20.1613],[76.1086,20.163],[76.0943,20.0957],[76.056,20.098],[76.0513,20.0846],[76.0675,20.0748],[76.0682,20.0729],[76.0188,20.0585],[76.0234,20.0249],[75.9665,19.9997],[75.9633,19.9984],[75.9686,19.9932],[75.9823,19.9804],[75.9898,19.9736],[76.0123,19.9739],[76.0109,19.9546],[76.0163,19.9533],[76.0474,19.9468],[76.0589,19.9191],[76.0789,19.9128],[76.0786,19.8808],[76.0975,19.857],[76.129,19.8648],[76.1351,19.8469],[76.138,19.8462],[76.1476,19.8439],[76.1484,19.8557],[76.1838,19.8515],[76.1974,19.8648],[76.2293,19.8648],[76.2543,19.8769],[76.2962,19.8688],[76.3238,19.8822],[76.3546,19.8965],[76.3667,19.9285],[76.3918,19.9044],[76.4086,19.9204],[76.4935,19.9204],[76.4913,19.8939],[76.5339,19.8655],[76.5368,19.8485],[76.52,19.8508],[76.5125,19.8315],[76.5121,19.8247],[76.5107,19.7999],[76.4849,19.7976],[76.4838,19.7839],[76.5103,19.7715],[76.5099,19.7675],[76.5099,19.7666],[76.5096,19.7613],[76.4888,19.7639],[76.4838,19.7437],[76.4595,19.7453],[76.4598,19.7248],[76.4838,19.7215],[76.4878,19.6768],[76.4702,19.6794],[76.4656,19.6653],[76.4498,19.6614],[76.4509,19.6134],[76.4323,19.602],[76.4362,19.5866],[76.448,19.584],[76.4423,19.5412],[76.3753,19.5373],[76.3642,19.4704],[76.3438,19.4723],[76.3374,19.4534],[76.3134,19.4665],[76.3012,19.4319],[76.2887,19.4335],[76.283,19.3662],[76.2619,19.3672],[76.2576,19.3564],[76.2762,19.3463],[76.2636,19.3332],[76.2404,19.3381],[76.2303,19.3127],[76.2107,19.3185],[76.2078,19.2976],[76.2192,19.2921],[76.2082,19.2745],[76.2039,19.2771],[76.2003,19.2833],[76.1928,19.283],[76.1648,19.2816],[76.1641,19.2833],[76.1591,19.2973],[76.1398,19.2898],[76.1287,19.3035],[76.1272,19.3029],[76.1136,19.2957],[76.1036,19.3078],[76.1025,19.3065],[76.0807,19.279],[76.0406,19.283],[76.0249,19.2976],[76.0198,19.3398],[75.9783,19.3055],[75.9432,19.2914],[75.9422,19.2918],[75.9071,19.3136],[75.9067,19.3153],[75.906,19.3408],[75.9239,19.3809],[75.9124,19.3923],[75.9117,19.392],[75.887,19.3773],[75.8738,19.3835],[75.8423,19.3705],[75.7907,19.4002],[75.7578,19.3894],[75.7624,19.3793],[75.7506,19.3571],[75.7127,19.3551],[75.6833,19.3561],[75.6715,19.3682],[75.6493,19.3672],[75.6414,19.3829],[75.6235,19.3731],[75.6067,19.3852],[75.6121,19.4243],[75.6031,19.4283],[75.6046,19.4521],[75.6131,19.4674],[75.631,19.4645],[75.6554,19.57],[75.649,19.5951],[75.5981,19.6004],[75.5849,19.6376],[75.6038,19.6425],[75.6053,19.6575],[75.6253,19.6559],[75.631,19.6689],[75.6235,19.7708],[75.6457,19.7826],[75.6336,19.811],[75.6558,19.8129],[75.659,19.8237],[75.6454,19.8436],[75.6547,19.9073],[75.6812,19.9223],[75.6686,19.9445],[75.6425,19.9579],[75.6443,20.0066],[75.592,20.0072],[75.5881,20.0249],[75.6035,20.0506],[75.5895,20.0601],[75.5856,20.0977],[75.6239,20.1006],[75.6447,20.1858],[75.6733,20.1829],[75.6783,20.1917],[75.6733,20.2348],[75.6941,20.2799],[75.6812,20.3067],[75.7077,20.3129],[75.7159,20.3308],[75.7424,20.3351],[75.7424,20.3266],[75.7546,20.3256],[75.7703,20.336],[75.7571,20.368],[75.7456,20.3703],[75.7485,20.401],[75.7309,20.4089],[75.7549,20.4232],[75.7642,20.4516],[75.7939,20.4503],[75.7968,20.4614],[75.8215,20.4725],[75.8387,20.4575],[75.8566,20.4588],[75.862,20.4399],[75.891,20.4454],[75.8695,20.4552],[75.8476,20.4866],[75.8602,20.5238],[75.8834,20.528],[75.8598,20.5607],[75.8749,20.5529],[75.8817,20.5604],[75.9171,20.5552],[75.9504,20.532],[75.9715,20.5385],[75.9765,20.5313]]]}},{"type":"Feature","properties":{"district":"Ahmednagar"},"geometry":{"type":"Polygon","coordinates":[[[74.6705,19.9468],[74.6709,19.9468],[74.6766,19.9246],[74.6498,19.92],[74.6451,19.8609],[74.6601,19.8577],[74.6573,19.8351],[74.6036,19.8456],[74.5918,19.7809],[74.5953,19.7754],[74.6086,19.7705],[74.6115,19.7702],[74.6362,19.793],[74.6369,19.7927],[74.6523,19.7773],[74.6899,19.7675],[74.6945,19.7558],[74.7056,19.7626],[74.702,19.7773],[74.7178,19.7799],[74.7224,19.7551],[74.7317,19.7702],[74.7507,19.7489],[74.7661,19.7532],[74.7683,19.7365],[74.7847,19.7346],[74.7854,19.7163],[74.8144,19.7042],[74.8087,19.6882],[74.8492,19.6467],[74.8839,19.6559],[74.8875,19.6395],[74.9158,19.6484],[74.9319,19.6372],[74.9616,19.6474],[74.9992,19.6242],[75.0393,19.6255],[75.0396,19.6131],[75.06,19.6049],[75.0876,19.6121],[75.1528,19.5892],[75.1878,19.5961],[75.1889,19.5961],[75.2057,19.5791],[75.2036,19.5625],[75.2562,19.523],[75.2741,19.5546],[75.2806,19.5452],[75.2738,19.5148],[75.3028,19.5109],[75.3117,19.4949],[75.3289,19.5057],[75.3275,19.4825],[75.335,19.4805],[75.3386,19.4985],[75.3561,19.5011],[75.3583,19.4802],[75.3446,19.4834],[75.3386,19.4655],[75.3232,19.4639],[75.3271,19.439],[75.3464,19.4495],[75.3554,19.4332],[75.3396,19.4064],[75.3665,19.3982],[75.4413,19.4283],[75.4438,19.4129],[75.4674,19.4139],[75.4757,19.4273],[75.4878,19.4178],[75.4853,19.3839],[75.4932,19.3825],[75.5168,19.3848],[75.5315,19.376],[75.5168,19.3306],[75.5394,19.3231],[75.5426,19.3221],[75.5394,19.3156],[75.5229,19.2836],[75.5201,19.2787],[75.519,19.2781],[75.4585,19.2503],[75.4456,19.2209],[75.4456,19.2206],[75.4216,19.2199],[75.4037,19.1974],[75.4227,19.1732],[75.4485,19.1661],[75.4538,19.1442],[75.4227,19.138],[75.4302,19.1187],[75.4825,19.1269],[75.4857,19.106],[75.4495,19.0831],[75.4445,19.0926],[75.4123,19.0802],[75.3683,19.0815],[75.393,19.1265],[75.4091,19.1288],[75.4077,19.1406],[75.3507,19.1265],[75.3525,19.1484],[75.3518,19.1487],[75.3303,19.1527],[75.3318,19.1311],[75.3604,19.1083],[75.3651,19.0785],[75.3361,19.0812],[75.3085,19.0985],[75.2841,19.0825],[75.2931,19.0749],[75.2845,19.0341],[75.34,19.0286],[75.3418,18.9904],[75.2952,18.9812],[75.2691,18.9982],[75.2566,19.0253],[75.2709,19.0541],[75.2616,19.0701],[75.2247,19.0671],[75.2269,19.0913],[75.2165,19.1125],[75.1875,19.0932],[75.1968,19.0674],[75.1857,19.0521],[75.209,19.0348],[75.21,19.0224],[75.1814,19.0123],[75.1689,19.0194],[75.166,19.0371],[75.1349,19.0358],[75.0708,19.0554],[75.0747,19.0691],[75.0905,19.0681],[75.0787,19.0812],[75.0973,19.0815],[75.0976,19.1014],[75.1102,19.1135],[75.1055,19.1265],[75.0704,19.12],[75.0787,19.1187],[75.0686,19.1109],[75.0776,19.1056],[75.0586,19.0985],[75.0529,19.1076],[75.0371,19.1017],[75.0439,19.1102],[75.0249,19.103],[75.0253,19.1148],[75.0117,19.104],[74.9791,19.1167],[74.9745,19.1109],[74.9426,19.1331],[74.9204,19.0939],[74.9147,19.0377],[74.9505,19.0328],[74.9487,19.0044],[74.9605,19.0012],[74.9537,18.9731],[74.9233,18.9721],[74.9165,18.958],[74.9032,18.9643],[74.8996,18.9789],[74.8732,18.9848],[74.837,18.9701],[74.8252,18.9907],[74.8084,18.9767],[74.8127,18.962],[74.8352,18.9528],[74.8248,18.9329],[74.8481,18.9084],[74.8642,18.8976],[74.8832,18.9146],[74.8846,18.8859],[74.8979,18.8758],[74.8939,18.846],[74.919,18.8545],[74.9222,18.8278],[74.9437,18.83],[74.9573,18.8189],[74.9734,18.8284],[74.9712,18.8124],[74.9859,18.7971],[75.0092,18.8033],[75.0056,18.7827],[75.0396,18.7634],[75.0769,18.7144],[75.1034,18.702],[75.1563,18.6416],[75.175,18.7086],[75.1717,18.7367],[75.2079,18.7386],[75.2541,18.72],[75.2763,18.7298],[75.3289,18.8059],[75.34,18.786],[75.3611,18.7899],[75.3733,18.767],[75.3812,18.7696],[75.3983,18.8323],[75.4413,18.7922],[75.4506,18.7513],[75.4678,18.7517],[75.5075,18.7236],[75.5258,18.7334],[75.5258,18.7527],[75.5562,18.7363],[75.5541,18.7082],[75.5831,18.6981],[75.5831,18.6975],[75.5842,18.6971],[75.5824,18.6877],[75.582,18.6844],[75.5433,18.6808],[75.5458,18.6436],[75.5405,18.6426],[75.5201,18.6384],[75.4993,18.6207],[75.4878,18.6263],[75.4621,18.6057],[75.4148,18.5309],[75.3421,18.5607],[75.3296,18.5238],[75.3296,18.5234],[75.3282,18.5234],[75.3124,18.5202],[75.296,18.5238],[75.2594,18.5087],[75.2412,18.5398],[75.2136,18.5535],[75.2011,18.5313],[75.1571,18.5192],[75.1338,18.526],[75.1216,18.4918],[75.1059,18.4901],[75.0908,18.431],[75.0797,18.4235],[75.059,18.4189],[75.0167,18.4369],[75.0056,18.4036],[74.9795,18.4],[74.9666,18.385],[74.9147,18.3788],[74.9079,18.3566],[74.866,18.352],[74.8642,18.3357],[74.851,18.3295],[74.8323,18.3347],[74.8316,18.3357],[74.803,18.3451],[74.7969,18.3523],[74.794,18.3556],[74.7933,18.3566],[74.8094,18.382],[74.794,18.4016],[74.7779,18.4095],[74.7525,18.3967],[74.7285,18.4033],[74.716,18.4277],[74.7264,18.4849],[74.7235,18.4885],[74.7067,18.5029],[74.6655,18.4914],[74.6569,18.4784],[74.6562,18.4757],[74.6745,18.463],[74.6465,18.4496],[74.6462,18.45],[74.6147,18.4676],[74.5814,18.4725],[74.5574,18.4921],[74.5467,18.5078],[74.5782,18.5492],[74.5413,18.5809],[74.5499,18.6119],[74.5091,18.6126],[74.4718,18.6416],[74.5098,18.6674],[74.4751,18.6873],[74.4776,18.719],[74.4439,18.7216],[74.4267,18.7494],[74.3992,18.7429],[74.3931,18.7664],[74.4006,18.7765],[74.3838,18.8039],[74.3981,18.8271],[74.349,18.8454],[74.3261,18.8379],[74.3072,18.8545],[74.2957,18.9032],[74.2706,18.9198],[74.2492,18.9551],[74.2359,18.9525],[74.2363,18.9682],[74.2216,18.9708],[74.2255,18.9852],[74.2105,18.9946],[74.213,19.009],[74.2005,19.0057],[74.1743,19.0312],[74.174,19.0315],[74.2101,19.1278],[74.2345,19.123],[74.2663,19.1621],[74.2667,19.1817],[74.295,19.186],[74.3168,19.2072],[74.2606,19.2268],[74.2191,19.203],[74.1686,19.2239],[74.1575,19.2023],[74.1525,19.2261],[74.1267,19.2219],[74.0841,19.2392],[74.0895,19.2274],[74.0505,19.2438],[74.0447,19.2617],[74.0311,19.2503],[74.0236,19.2663],[74.0326,19.2794],[74.0118,19.2973],[74.0258,19.2976],[74.0265,19.314],[74.0021,19.3408],[73.9989,19.36],[73.9366,19.3388],[73.9338,19.3408],[73.9209,19.3502],[73.8919,19.3711],[73.8793,19.3659],[73.8733,19.3587],[73.8536,19.3554],[73.8267,19.3825],[73.8056,19.3943],[73.7791,19.3865],[73.7773,19.3878],[73.7701,19.3855],[73.7587,19.3985],[73.7272,19.4168],[73.7304,19.4305],[73.6928,19.4341],[73.6738,19.4609],[73.7139,19.4844],[73.7086,19.4949],[73.6864,19.5004],[73.6799,19.5187],[73.6749,19.5092],[73.6642,19.5119],[73.6577,19.5367],[73.6327,19.5324],[73.6226,19.5422],[73.6284,19.5693],[73.6162,19.5857],[73.6345,19.5958],[73.6613,19.584],[73.6817,19.5883],[73.7039,19.5961],[73.7215,19.6196],[73.7379,19.618],[73.7669,19.6333],[73.7752,19.6265],[73.7766,19.6408],[73.7931,19.6425],[73.7802,19.6506],[73.7816,19.6598],[73.8063,19.6768],[73.7927,19.6879],[73.8099,19.6836],[73.8188,19.7143],[73.8382,19.7221],[73.8375,19.7401],[73.8375,19.7408],[73.84,19.7411],[73.8672,19.7434],[73.8854,19.745],[73.8976,19.746],[73.8947,19.7163],[73.9112,19.7022],[73.9076,19.6846],[73.9259,19.6725],[74.0207,19.6735],[74.0712,19.6608],[74.0977,19.6408],[74.0999,19.649],[74.1196,19.6412],[74.1443,19.6735],[74.135,19.6908],[74.1529,19.6879],[74.1672,19.7306],[74.247,19.744],[74.2692,19.76],[74.2753,19.7773],[74.3175,19.7646],[74.3276,19.7956],[74.3734,19.8018],[74.3626,19.8714],[74.3372,19.8727],[74.3358,19.8871],[74.2749,19.9063],[74.2724,19.9334],[74.2481,19.9351],[74.2477,19.9631],[74.2807,19.9569],[74.286,19.987],[74.286,19.987],[74.3036,19.9667],[74.3193,19.9853],[74.3476,19.9844],[74.3494,19.9674],[74.3626,19.9654],[74.3816,19.9811],[74.4428,19.9739],[74.4582,19.9955],[74.4808,19.9951],[74.4794,19.9641],[74.5194,19.968],[74.523,19.9768],[74.5689,19.9546],[74.6705,19.9468]]]}},{"type":"Feature","properties":{"district":"Hingoli"},"geometry":{"type":"Polygon","coordinates":[[[76.5368,19.8485],[76.5375,19.8462],[76.5644,19.8446],[76.6156,19.8417],[76.6195,19.8413],[76.6392,19.8665],[76.6811,19.8472],[76.6968,19.8759],[76.7401,19.8733],[76.7469,19.9125],[76.7645,19.9047],[76.7727,19.9354],[76.8214,19.9292],[76.8375,19.9638],[76.8952,19.9488],[76.9005,19.9638],[76.9224,19.9752],[76.9882,19.9977],[76.994,20.0173],[77.0126,20.002],[77.0362,20.0082],[77.0609,19.9945],[77.1024,19.9328],[77.1028,19.9321],[77.1343,19.9432],[77.1386,19.9553],[77.1712,19.9654],[77.178,19.9808],[77.1855,19.9844],[77.2009,19.9909],[77.2145,19.9733],[77.207,19.9403],[77.2073,19.9403],[77.2367,19.937],[77.2431,19.9047],[77.2353,19.8913],[77.2367,19.8916],[77.2618,19.8965],[77.2671,19.8978],[77.2671,19.8982],[77.2675,19.8982],[77.2711,19.9171],[77.2754,19.9161],[77.2847,19.9086],[77.2847,19.905],[77.2879,19.906],[77.3029,19.9099],[77.3122,19.9122],[77.3133,19.8955],[77.2943,19.8952],[77.2936,19.8952],[77.2943,19.8916],[77.2947,19.8857],[77.2951,19.8844],[77.3226,19.888],[77.3459,19.8759],[77.3452,19.8639],[77.3613,19.8599],[77.3516,19.8492],[77.3598,19.8355],[77.343,19.8368],[77.343,19.8342],[77.3434,19.8299],[77.3434,19.8257],[77.3516,19.8195],[77.3538,19.8182],[77.3552,19.8168],[77.3659,19.826],[77.3878,19.8198],[77.3781,19.7871],[77.4053,19.775],[77.3835,19.7672],[77.3803,19.7297],[77.3803,19.7287],[77.3928,19.7277],[77.411,19.746],[77.4386,19.7251],[77.449,19.7009],[77.4436,19.6901],[77.4433,19.6895],[77.4458,19.6892],[77.4583,19.6823],[77.4494,19.6745],[77.4662,19.664],[77.4626,19.6092],[77.4791,19.6],[77.4508,19.5693],[77.4526,19.5618],[77.4658,19.5638],[77.4701,19.4926],[77.4701,19.4913],[77.4705,19.4913],[77.4708,19.491],[77.4862,19.4932],[77.4877,19.4877],[77.4869,19.4586],[77.4733,19.4573],[77.4694,19.4384],[77.4479,19.4403],[77.4354,19.4087],[77.4468,19.3848],[77.4171,19.3777],[77.3788,19.3381],[77.3624,19.3394],[77.3502,19.3532],[77.3119,19.3554],[77.3094,19.3303],[77.2807,19.3267],[77.2807,19.3163],[77.241,19.3225],[77.2356,19.2745],[77.2202,19.2751],[77.2027,19.2441],[77.1787,19.2287],[77.1776,19.1677],[77.1916,19.1634],[77.1916,19.1396],[77.168,19.123],[77.1637,19.12],[77.1626,19.119],[77.1579,19.0841],[77.1386,19.0704],[77.13,19.0749],[77.1214,19.0792],[77.1214,19.0792],[77.1207,19.0789],[77.0906,19.072],[77.0878,19.0834],[77.0881,19.087],[77.0978,19.0945],[77.1039,19.0994],[77.0838,19.1092],[77.0996,19.1076],[77.1053,19.1194],[77.0917,19.1403],[77.1207,19.1504],[77.0935,19.1569],[77.0985,19.1732],[77.0863,19.1739],[77.0734,19.1941],[77.0369,19.2033],[77.0538,19.2366],[77.0484,19.2496],[77.0119,19.2526],[77.0104,19.2732],[77.023,19.2849],[76.9904,19.2807],[76.9875,19.3074],[76.9779,19.3163],[76.9796,19.3182],[76.9761,19.3176],[76.9252,19.3097],[76.9252,19.298],[76.9012,19.298],[76.8912,19.3094],[76.9005,19.3313],[76.9174,19.3365],[76.8987,19.345],[76.9005,19.3378],[76.8887,19.3554],[76.8923,19.3806],[76.9245,19.4374],[76.9005,19.4459],[76.8959,19.4289],[76.8651,19.4384],[76.8866,19.4632],[76.8658,19.4674],[76.8493,19.5096],[76.8558,19.5354],[76.8823,19.5337],[76.8905,19.5811],[76.9238,19.5974],[76.9299,19.6121],[76.9106,19.6219],[76.9113,19.6428],[76.8966,19.6438],[76.8812,19.6235],[76.8694,19.6245],[76.8765,19.6412],[76.8504,19.6506],[76.8637,19.6761],[76.8493,19.7068],[76.8146,19.7029],[76.8214,19.6706],[76.8074,19.6836],[76.7906,19.6712],[76.7817,19.7333],[76.7663,19.7173],[76.772,19.695],[76.7595,19.6862],[76.7326,19.714],[76.738,19.7303],[76.7158,19.7688],[76.6857,19.7574],[76.6646,19.7773],[76.6435,19.7747],[76.6302,19.8048],[76.6231,19.7832],[76.5994,19.7764],[76.5937,19.7835],[76.6113,19.7914],[76.5969,19.8018],[76.6055,19.81],[76.5937,19.8299],[76.5937,19.8306],[76.5708,19.8266],[76.564,19.8155],[76.5121,19.8247],[76.5125,19.8315],[76.52,19.8508],[76.5368,19.8485]]]}},{"type":"Feature","properties":{"district":"Nanded"},"geometry":{"type":"Polygon","coordinates":[[[77.4583,19.6823],[77.5378,19.6686],[77.5542,19.6506],[77.5782,19.6588],[77.5976,19.6428],[77.6069,19.6484],[77.6165,19.6382],[77.6119,19.6291],[77.6258,19.6252],[77.6273,19.6059],[77.6445,19.6072],[77.638,19.5932],[77.6491,19.5572],[77.6334,19.5572],[77.6355,19.5497],[77.6957,19.5396],[77.7057,19.522],[77.7279,19.5324],[77.7454,19.5252],[77.7494,19.5089],[77.7336,19.4946],[77.7386,19.4828],[77.7111,19.4769],[77.6942,19.4554],[77.6971,19.4384],[77.6989,19.4384],[77.749,19.4299],[77.7991,19.4501],[77.8052,19.4642],[77.8199,19.4407],[77.831,19.4394],[77.8467,19.4524],[77.8267,19.4789],[77.8439,19.488],[77.8435,19.5106],[77.86,19.522],[77.8854,19.5014],[77.889,19.519],[77.9072,19.5341],[77.938,19.4968],[77.9527,19.5112],[77.9713,19.5083],[77.9921,19.455],[77.9924,19.455],[77.9982,19.455],[78.0143,19.455],[78.0146,19.456],[78.0189,19.4704],[78.0247,19.4893],[78.0683,19.4583],[78.0687,19.4586],[78.0694,19.4583],[78.0948,19.4828],[78.1127,19.4818],[78.1224,19.5106],[78.1356,19.519],[78.1356,19.5194],[78.1199,19.5488],[78.151,19.5445],[78.189,19.5582],[78.1893,19.5592],[78.1969,19.6164],[78.1797,19.6497],[78.179,19.6506],[78.1313,19.6644],[78.1245,19.6516],[78.1027,19.6559],[78.0884,19.6372],[78.0547,19.6634],[78.0476,19.6898],[78.0304,19.6924],[78.0118,19.682],[77.9878,19.6768],[77.9856,19.6781],[77.9803,19.699],[77.9341,19.7381],[77.8904,19.7257],[77.8761,19.7437],[77.8625,19.7457],[77.8639,19.7728],[77.8496,19.7966],[77.8539,19.8035],[77.8704,19.8214],[77.8722,19.8319],[77.9015,19.8782],[77.9531,19.9086],[78.0154,19.9076],[78.0537,19.9246],[78.0744,19.8965],[78.1027,19.8906],[78.1038,19.8903],[78.1285,19.8946],[78.1435,19.9109],[78.1646,19.9066],[78.2047,19.8985],[78.2051,19.8985],[78.2506,19.9246],[78.257,19.9017],[78.2409,19.8828],[78.2534,19.8665],[78.2538,19.8662],[78.2742,19.874],[78.2842,19.9057],[78.3061,19.9112],[78.286,19.8479],[78.3365,19.8377],[78.334,19.8146],[78.3576,19.8054],[78.3648,19.7813],[78.3415,19.7355],[78.3433,19.7133],[78.3186,19.7058],[78.3118,19.6911],[78.2763,19.6924],[78.2627,19.665],[78.2903,19.6461],[78.3057,19.6072],[78.3039,19.5693],[78.2935,19.5589],[78.2753,19.5625],[78.2742,19.5537],[78.2932,19.5422],[78.3093,19.4808],[78.3046,19.4563],[78.2867,19.4485],[78.2706,19.456],[78.2445,19.4286],[78.2115,19.4286],[78.1951,19.4067],[78.1761,19.4123],[78.1879,19.3946],[78.1722,19.3492],[78.194,19.315],[78.1765,19.2787],[78.1754,19.2376],[78.1446,19.2297],[78.117,19.2487],[78.0895,19.2395],[78.0791,19.2549],[78.0558,19.2372],[78.0418,19.2434],[78.0426,19.2705],[78.015,19.279],[78.0136,19.2947],[77.9452,19.3424],[77.9115,19.3163],[77.8943,19.3202],[77.8636,19.3042],[77.8657,19.2836],[77.9037,19.2777],[77.9076,19.2683],[77.9026,19.2562],[77.8714,19.2549],[77.8478,19.1896],[77.8603,19.1801],[77.8342,19.1344],[77.8478,19.1161],[77.8503,19.0887],[77.8313,19.0861],[77.8099,19.1047],[77.797,19.0727],[77.8002,19.0511],[77.7648,19.0629],[77.7619,19.0332],[77.7755,19.0005],[77.7716,18.9793],[77.8217,18.9786],[77.8192,18.946],[77.8589,18.9492],[77.8435,18.9087],[77.8854,18.9042],[77.8915,18.8816],[77.904,18.8813],[77.9033,18.8666],[77.9488,18.8431],[77.9484,18.8294],[77.9069,18.8268],[77.8403,18.8046],[77.7873,18.6824],[77.7719,18.689],[77.7683,18.706],[77.7533,18.7007],[77.7494,18.6824],[77.73,18.6668],[77.7504,18.5891],[77.7383,18.5567],[77.7017,18.5551],[77.6559,18.5309],[77.6459,18.5388],[77.648,18.5548],[77.6341,18.5437],[77.6294,18.5538],[77.6122,18.5446],[77.5961,18.5489],[77.5908,18.5267],[77.6004,18.5221],[77.5857,18.5038],[77.6047,18.4963],[77.6033,18.4767],[77.5764,18.4869],[77.5729,18.4699],[77.5485,18.4686],[77.5507,18.4604],[77.5836,18.4565],[77.5854,18.447],[77.5643,18.4372],[77.5278,18.4421],[77.5281,18.4291],[77.5568,18.4173],[77.5517,18.3889],[77.5256,18.3726],[77.5224,18.3464],[77.5578,18.3317],[77.5718,18.3089],[77.5514,18.2916],[77.5127,18.3095],[77.5113,18.2821],[77.493,18.2671],[77.4816,18.2723],[77.4622,18.2632],[77.4383,18.2867],[77.4375,18.3105],[77.4089,18.3017],[77.3656,18.3069],[77.3581,18.3171],[77.4003,18.3474],[77.3946,18.3686],[77.4143,18.3925],[77.4003,18.402],[77.3731,18.401],[77.3656,18.4516],[77.3452,18.4336],[77.3201,18.4581],[77.3169,18.4421],[77.2657,18.4222],[77.265,18.4428],[77.2539,18.4519],[77.2671,18.4545],[77.2772,18.4767],[77.2499,18.4872],[77.2474,18.5006],[77.2678,18.5218],[77.2822,18.5218],[77.2968,18.5473],[77.2618,18.5672],[77.2675,18.6119],[77.2113,18.6243],[77.1987,18.6478],[77.1536,18.6475],[77.1587,18.6802],[77.1945,18.69],[77.1808,18.7004],[77.1515,18.7001],[77.1415,18.7131],[77.1379,18.6975],[77.0459,18.6831],[77.0437,18.7014],[77.0581,18.7246],[77.0534,18.7693],[77.0086,18.7657],[76.9904,18.8242],[76.9911,18.8245],[76.99,18.8284],[77.0201,18.8434],[77.0151,18.8797],[76.9528,18.8731],[76.9546,18.8908],[76.9295,18.9009],[76.9474,18.9071],[76.9557,18.9332],[76.98,18.9123],[76.9893,18.9342],[77.0233,18.9319],[77.0566,18.9887],[77.0559,18.9985],[77.0412,19.0038],[77.043,19.0309],[77.0663,19.0296],[77.0613,19.0658],[77.0616,19.0668],[77.0838,19.1092],[77.1039,19.0994],[77.0978,19.0945],[77.0881,19.087],[77.0878,19.0834],[77.0906,19.072],[77.1207,19.0789],[77.1214,19.0792],[77.1214,19.0792],[77.13,19.0749],[77.1386,19.0704],[77.1579,19.0841],[77.1626,19.119],[77.1637,19.12],[77.168,19.123],[77.1916,19.1396],[77.1916,19.1634],[77.1776,19.1677],[77.1787,19.2287],[77.2027,19.2441],[77.2202,19.2751],[77.2356,19.2745],[77.241,19.3225],[77.2807,19.3163],[77.2807,19.3267],[77.3094,19.3303],[77.3119,19.3554],[77.3502,19.3532],[77.3624,19.3394],[77.3788,19.3381],[77.4171,19.3777],[77.4468,19.3848],[77.4354,19.4087],[77.4479,19.4403],[77.4694,19.4384],[77.4733,19.4573],[77.4869,19.4586],[77.4877,19.4877],[77.4862,19.4932],[77.4708,19.491],[77.4705,19.4913],[77.4701,19.4913],[77.4701,19.4926],[77.4658,19.5638],[77.4526,19.5618],[77.4508,19.5693],[77.4791,19.6],[77.4626,19.6092],[77.4662,19.664],[77.4494,19.6745],[77.4583,19.6823]]]}},{"type":"Feature","properties":{"district":"Parbhani"},"geometry":{"type":"Polygon","coordinates":[[[76.2082,19.2745],[76.2192,19.2921],[76.2078,19.2976],[76.2107,19.3185],[76.2303,19.3127],[76.2404,19.3381],[76.2636,19.3332],[76.2762,19.3463],[76.2576,19.3564],[76.2619,19.3672],[76.283,19.3662],[76.2887,19.4335],[76.3012,19.4319],[76.3134,19.4665],[76.3374,19.4534],[76.3438,19.4723],[76.3642,19.4704],[76.3753,19.5373],[76.4423,19.5412],[76.448,19.584],[76.4362,19.5866],[76.4323,19.602],[76.4509,19.6134],[76.4498,19.6614],[76.4656,19.6653],[76.4702,19.6794],[76.4878,19.6768],[76.4838,19.7215],[76.4598,19.7248],[76.4595,19.7453],[76.4838,19.7437],[76.4888,19.7639],[76.5096,19.7613],[76.5099,19.7666],[76.5099,19.7675],[76.5103,19.7715],[76.4838,19.7839],[76.4849,19.7976],[76.5107,19.7999],[76.5121,19.8247],[76.564,19.8155],[76.5708,19.8266],[76.5937,19.8306],[76.5937,19.8299],[76.6055,19.81],[76.5969,19.8018],[76.6113,19.7914],[76.5937,19.7835],[76.5994,19.7764],[76.6231,19.7832],[76.6302,19.8048],[76.6435,19.7747],[76.6646,19.7773],[76.6857,19.7574],[76.7158,19.7688],[76.738,19.7303],[76.7326,19.714],[76.7595,19.6862],[76.772,19.695],[76.7663,19.7173],[76.7817,19.7333],[76.7906,19.6712],[76.8074,19.6836],[76.8214,19.6706],[76.8146,19.7029],[76.8493,19.7068],[76.8637,19.6761],[76.8504,19.6506],[76.8765,19.6412],[76.8694,19.6245],[76.8812,19.6235],[76.8966,19.6438],[76.9113,19.6428],[76.9106,19.6219],[76.9299,19.6121],[76.9238,19.5974],[76.8905,19.5811],[76.8823,19.5337],[76.8558,19.5354],[76.8493,19.5096],[76.8658,19.4674],[76.8866,19.4632],[76.8651,19.4384],[76.8959,19.4289],[76.9005,19.4459],[76.9245,19.4374],[76.8923,19.3806],[76.8887,19.3554],[76.9005,19.3378],[76.8987,19.345],[76.9174,19.3365],[76.9005,19.3313],[76.8912,19.3094],[76.9012,19.298],[76.9252,19.298],[76.9252,19.3097],[76.9761,19.3176],[76.9796,19.3182],[76.9779,19.3163],[76.9875,19.3074],[76.9904,19.2807],[77.023,19.2849],[77.0104,19.2732],[77.0119,19.2526],[77.0484,19.2496],[77.0538,19.2366],[77.0369,19.2033],[77.0734,19.1941],[77.0863,19.1739],[77.0985,19.1732],[77.0935,19.1569],[77.1207,19.1504],[77.0917,19.1403],[77.1053,19.1194],[77.0996,19.1076],[77.0838,19.1092],[77.0616,19.0668],[77.0613,19.0658],[77.0663,19.0296],[77.043,19.0309],[77.0412,19.0038],[77.0559,18.9985],[77.0566,18.9887],[77.0233,18.9319],[76.9893,18.9342],[76.98,18.9123],[76.9557,18.9332],[76.9474,18.9071],[76.9295,18.9009],[76.9546,18.8908],[76.9528,18.8731],[77.0151,18.8797],[77.0201,18.8434],[76.99,18.8284],[76.9109,18.8366],[76.8941,18.8343],[76.878,18.8323],[76.8697,18.831],[76.8511,18.8091],[76.8286,18.8121],[76.7799,18.7945],[76.7785,18.7755],[76.7427,18.7762],[76.733,18.7559],[76.7244,18.751],[76.7219,18.7497],[76.7122,18.753],[76.6711,18.7657],[76.6836,18.7771],[76.6707,18.8134],[76.6449,18.8202],[76.6413,18.8467],[76.6284,18.847],[76.6206,18.8673],[76.5862,18.8728],[76.5855,18.943],[76.5364,18.9492],[76.5329,18.9179],[76.52,18.9179],[76.5028,18.9496],[76.4774,18.9538],[76.4688,18.9812],[76.4792,19.0005],[76.4555,19.009],[76.438,19.0433],[76.452,19.0498],[76.4323,19.072],[76.4344,19.0975],[76.4101,19.0916],[76.3897,19.1265],[76.3764,19.1314],[76.3492,19.0981],[76.322,19.1069],[76.3331,19.137],[76.3607,19.1566],[76.3614,19.1572],[76.3517,19.1922],[76.3621,19.2261],[76.3642,19.2327],[76.3614,19.235],[76.3528,19.2421],[76.3435,19.25],[76.3306,19.2536],[76.2855,19.2656],[76.284,19.2663],[76.2837,19.2656],[76.2504,19.2399],[76.25,19.2399],[76.2232,19.2425],[76.2264,19.2565],[76.2264,19.2572],[76.2135,19.2601],[76.2082,19.2745]]]}},{"type":"Feature","properties":{"district":"Pune"},"geometry":{"type":"Polygon","coordinates":[[[73.7791,19.3865],[73.8056,19.3943],[73.8267,19.3825],[73.8536,19.3554],[73.8733,19.3587],[73.8793,19.3659],[73.8919,19.3711],[73.9209,19.3502],[73.9338,19.3408],[73.9366,19.3388],[73.9989,19.36],[74.0021,19.3408],[74.0265,19.314],[74.0258,19.2976],[74.0118,19.2973],[74.0326,19.2794],[74.0236,19.2663],[74.0311,19.2503],[74.0447,19.2617],[74.0505,19.2438],[74.0895,19.2274],[74.0841,19.2392],[74.1267,19.2219],[74.1525,19.2261],[74.1575,19.2023],[74.1686,19.2239],[74.2191,19.203],[74.2606,19.2268],[74.3168,19.2072],[74.295,19.186],[74.2667,19.1817],[74.2663,19.1621],[74.2345,19.123],[74.2101,19.1278],[74.174,19.0315],[74.1743,19.0312],[74.2005,19.0057],[74.213,19.009],[74.2105,18.9946],[74.2255,18.9852],[74.2216,18.9708],[74.2363,18.9682],[74.2359,18.9525],[74.2492,18.9551],[74.2706,18.9198],[74.2957,18.9032],[74.3072,18.8545],[74.3261,18.8379],[74.349,18.8454],[74.3981,18.8271],[74.3838,18.8039],[74.4006,18.7765],[74.3931,18.7664],[74.3992,18.7429],[74.4267,18.7494],[74.4439,18.7216],[74.4776,18.719],[74.4751,18.6873],[74.5098,18.6674],[74.4718,18.6416],[74.5091,18.6126],[74.5499,18.6119],[74.5413,18.5809],[74.5782,18.5492],[74.5467,18.5078],[74.5574,18.4921],[74.5814,18.4725],[74.6147,18.4676],[74.6462,18.45],[74.6465,18.4496],[74.6745,18.463],[74.6562,18.4757],[74.6569,18.4784],[74.6655,18.4914],[74.7067,18.5029],[74.7235,18.4885],[74.7264,18.4849],[74.716,18.4277],[74.7285,18.4033],[74.7525,18.3967],[74.7779,18.4095],[74.794,18.4016],[74.8094,18.382],[74.7933,18.3566],[74.794,18.3556],[74.7969,18.3523],[74.803,18.3451],[74.8316,18.3357],[74.8323,18.3347],[74.8467,18.3079],[74.8442,18.305],[74.8327,18.2929],[74.8323,18.2926],[74.8323,18.2926],[74.8316,18.2919],[74.8051,18.3014],[74.8008,18.2988],[74.7965,18.2939],[74.8087,18.2759],[74.8374,18.2478],[74.8424,18.2449],[74.9487,18.2651],[74.9906,18.2387],[75.0418,18.2622],[75.0436,18.2521],[75.0085,18.2093],[75.0221,18.1887],[75.0597,18.2002],[75.0801,18.2181],[75.1066,18.2191],[75.1116,18.1979],[75.0905,18.1459],[75.0923,18.1218],[75.1495,18.1231],[75.1646,18.1123],[75.1352,18.0927],[75.1313,18.0764],[75.094,18.0686],[75.0801,18.0388],[75.0497,18.0219],[75.0199,17.9667],[75.0389,17.95],[75.0536,17.952],[75.0708,17.9801],[75.1001,17.9755],[75.1087,17.9993],[75.1145,17.9997],[75.1159,17.9997],[75.1195,18.0],[75.1345,17.9729],[75.1352,17.9716],[75.1352,17.9712],[75.1313,17.9712],[75.1177,17.9699],[75.1298,17.9569],[75.1273,17.9543],[75.1184,17.9451],[75.1119,17.9383],[75.1109,17.9386],[75.0973,17.9461],[75.0808,17.9409],[75.0876,17.9265],[75.0733,17.918],[75.0722,17.9174],[75.05,17.9268],[75.0529,17.905],[75.0239,17.8952],[75.0178,17.9089],[74.9423,17.9246],[74.9369,17.9409],[74.9122,17.9451],[74.8943,17.937],[74.8642,17.9526],[74.8459,17.9468],[74.861,17.9935],[74.8313,17.9935],[74.818,18.015],[74.8026,17.9967],[74.8019,17.9974],[74.7665,18.0241],[74.7493,18.0176],[74.7289,18.0277],[74.7174,18.029],[74.7088,18.0297],[74.7085,18.0297],[74.7081,18.03],[74.6877,18.049],[74.6712,18.0643],[74.6598,18.0686],[74.6569,18.0679],[74.6541,18.0672],[74.6408,18.0447],[74.6401,18.0437],[74.629,18.0568],[74.6097,18.046],[74.5903,18.0558],[74.5821,18.0467],[74.5817,18.046],[74.5588,18.0695],[74.46,18.0457],[74.4371,18.064],[74.3809,18.0702],[74.3541,18.097],[74.3004,18.0672],[74.2334,18.1012],[74.2091,18.0973],[74.1865,18.112],[74.165,18.1068],[74.1478,18.1211],[74.1371,18.1169],[74.1188,18.1329],[74.0777,18.1215],[74.054,18.1401],[74.0283,18.1322],[74.0046,18.159],[73.986,18.1521],[73.9438,18.1802],[73.9048,18.159],[73.9044,18.16],[73.8944,18.1815],[73.894,18.1815],[73.8926,18.1809],[73.8761,18.1682],[73.9012,18.128],[73.8869,18.1156],[73.8607,18.1198],[73.8793,18.0865],[73.8571,18.031],[73.8453,18.0401],[73.8271,18.0297],[73.8127,18.0379],[73.7923,18.0202],[73.7659,18.0228],[73.758,18.0375],[73.7039,18.046],[73.6656,18.0251],[73.6645,18.0245],[73.6577,18.029],[73.657,18.0297],[73.6126,18.0588],[73.6126,18.0591],[73.6201,18.0764],[73.6022,18.081],[73.6094,18.0976],[73.594,18.1087],[73.6065,18.1397],[73.6062,18.1381],[73.6033,18.1179],[73.6284,18.1234],[73.6194,18.1273],[73.6337,18.1463],[73.6423,18.1424],[73.6477,18.159],[73.6606,18.1518],[73.6656,18.16],[73.6534,18.173],[73.5976,18.19],[73.594,18.1776],[73.5818,18.1786],[73.5668,18.1877],[73.5589,18.2139],[73.5568,18.1962],[73.541,18.2077],[73.5374,18.1894],[73.521,18.1871],[73.521,18.1871],[73.5349,18.2047],[73.521,18.2109],[73.536,18.2269],[73.5235,18.2322],[73.5371,18.2433],[73.5052,18.256],[73.5145,18.272],[73.5002,18.2818],[73.4777,18.2674],[73.4759,18.3001],[73.4472,18.302],[73.4311,18.303],[73.4236,18.3037],[73.4204,18.3037],[73.4204,18.3063],[73.4211,18.3164],[73.4218,18.3298],[73.4415,18.3582],[73.4232,18.3732],[73.42,18.4036],[73.3989,18.4006],[73.3932,18.4444],[73.4018,18.4444],[73.4082,18.4999],[73.3885,18.4918],[73.3728,18.4643],[73.3649,18.4695],[73.3606,18.4842],[73.3792,18.4816],[73.3746,18.4931],[73.3967,18.5051],[73.3846,18.5032],[73.3556,18.5329],[73.3427,18.5313],[73.3588,18.5577],[73.3337,18.5502],[73.323,18.5577],[73.3341,18.6087],[73.342,18.6038],[73.3613,18.6367],[73.3889,18.6547],[73.3874,18.6893],[73.3746,18.7092],[73.3609,18.7011],[73.3617,18.7105],[73.3527,18.7089],[73.3438,18.6962],[73.3316,18.7014],[73.3552,18.7213],[73.3584,18.7556],[73.3495,18.7566],[73.3681,18.7948],[73.3781,18.7931],[73.3889,18.8529],[73.4014,18.8428],[73.43,18.8741],[73.4401,18.8983],[73.4404,18.8993],[73.4308,18.9156],[73.4415,18.9293],[73.4583,18.9296],[73.4605,18.9649],[73.4608,18.9649],[73.4791,18.9665],[73.4805,18.9799],[73.5095,18.9659],[73.5514,19.0103],[73.5478,19.0142],[73.5385,19.0243],[73.5328,19.0305],[73.5403,19.0478],[73.5149,19.0462],[73.5149,19.0462],[73.5178,19.0576],[73.526,19.0544],[73.5278,19.0844],[73.5149,19.0828],[73.5117,19.0949],[73.5253,19.1292],[73.5253,19.1292],[73.5417,19.1177],[73.5453,19.1406],[73.5296,19.1559],[73.5403,19.1592],[73.5342,19.1785],[73.6058,19.1928],[73.6119,19.2105],[73.623,19.2163],[73.6298,19.2039],[73.6606,19.2395],[73.69,19.2506],[73.6928,19.2555],[73.6917,19.2627],[73.6678,19.2908],[73.6713,19.3009],[73.6721,19.3012],[73.7419,19.3349],[73.7426,19.3228],[73.7737,19.3306],[73.7727,19.3421],[73.7948,19.3303],[73.7941,19.3603],[73.7791,19.3865]]]}},{"type":"Feature","properties":{"district":"Beed"},"geometry":{"type":"Polygon","coordinates":[[[76.2082,19.2745],[76.2135,19.2601],[76.2264,19.2572],[76.2264,19.2565],[76.2232,19.2425],[76.25,19.2399],[76.2504,19.2399],[76.2837,19.2656],[76.284,19.2663],[76.2855,19.2656],[76.3306,19.2536],[76.3435,19.25],[76.3528,19.2421],[76.3614,19.235],[76.3642,19.2327],[76.3621,19.2261],[76.3517,19.1922],[76.3614,19.1572],[76.3607,19.1566],[76.3331,19.137],[76.322,19.1069],[76.3492,19.0981],[76.3764,19.1314],[76.3897,19.1265],[76.4101,19.0916],[76.4344,19.0975],[76.4323,19.072],[76.452,19.0498],[76.438,19.0433],[76.4555,19.009],[76.4792,19.0005],[76.4688,18.9812],[76.4774,18.9538],[76.5028,18.9496],[76.52,18.9179],[76.5329,18.9179],[76.5364,18.9492],[76.5855,18.943],[76.5862,18.8728],[76.6206,18.8673],[76.6284,18.847],[76.6413,18.8467],[76.6449,18.8202],[76.6707,18.8134],[76.6836,18.7771],[76.6711,18.7657],[76.7122,18.753],[76.7219,18.7497],[76.7337,18.6998],[76.6821,18.6919],[76.6642,18.6583],[76.6811,18.6488],[76.6732,18.6354],[76.6711,18.6325],[76.6306,18.6462],[76.6406,18.6612],[76.6363,18.6753],[76.6002,18.674],[76.593,18.6727],[76.5801,18.6158],[76.5436,18.6521],[76.5286,18.6495],[76.52,18.6263],[76.5189,18.6237],[76.5135,18.6211],[76.4999,18.6149],[76.4953,18.6126],[76.4792,18.6116],[76.4681,18.6322],[76.4591,18.6191],[76.3993,18.6018],[76.3979,18.6008],[76.3904,18.5414],[76.3682,18.543],[76.3481,18.5655],[76.2794,18.574],[76.274,18.5587],[76.2737,18.558],[76.2547,18.5636],[76.2543,18.5753],[76.1702,18.5848],[76.1695,18.5848],[76.1698,18.561],[76.1602,18.5554],[76.1602,18.5558],[76.1595,18.5584],[76.1519,18.5812],[76.1476,18.5829],[76.1058,18.5878],[76.1011,18.5878],[76.0567,18.5721],[76.0327,18.6002],[76.0127,18.6073],[76.0084,18.5855],[75.993,18.5835],[75.9923,18.5835],[75.9823,18.5917],[75.9941,18.6132],[75.9926,18.6152],[75.9536,18.606],[75.949,18.6047],[75.949,18.6051],[75.9393,18.6413],[75.8555,18.6488],[75.8573,18.6596],[75.8487,18.6547],[75.8029,18.6733],[75.7879,18.6557],[75.7606,18.6779],[75.7535,18.6798],[75.7274,18.6746],[75.6683,18.6916],[75.6672,18.6508],[75.6486,18.6498],[75.6411,18.6491],[75.6339,18.656],[75.6081,18.6808],[75.5992,18.69],[75.5877,18.6958],[75.5842,18.6971],[75.5831,18.6975],[75.5831,18.6981],[75.5541,18.7082],[75.5562,18.7363],[75.5258,18.7527],[75.5258,18.7334],[75.5075,18.7236],[75.4678,18.7517],[75.4506,18.7513],[75.4413,18.7922],[75.3983,18.8323],[75.3812,18.7696],[75.3733,18.767],[75.3611,18.7899],[75.34,18.786],[75.3289,18.8059],[75.2763,18.7298],[75.2541,18.72],[75.2079,18.7386],[75.1717,18.7367],[75.175,18.7086],[75.1563,18.6416],[75.1034,18.702],[75.0769,18.7144],[75.0396,18.7634],[75.0056,18.7827],[75.0092,18.8033],[74.9859,18.7971],[74.9712,18.8124],[74.9734,18.8284],[74.9573,18.8189],[74.9437,18.83],[74.9222,18.8278],[74.919,18.8545],[74.8939,18.846],[74.8979,18.8758],[74.8846,18.8859],[74.8832,18.9146],[74.8642,18.8976],[74.8481,18.9084],[74.8248,18.9329],[74.8352,18.9528],[74.8127,18.962],[74.8084,18.9767],[74.8252,18.9907],[74.837,18.9701],[74.8732,18.9848],[74.8996,18.9789],[74.9032,18.9643],[74.9165,18.958],[74.9233,18.9721],[74.9537,18.9731],[74.9605,19.0012],[74.9487,19.0044],[74.9505,19.0328],[74.9147,19.0377],[74.9204,19.0939],[74.9426,19.1331],[74.9745,19.1109],[74.9791,19.1167],[75.0117,19.104],[75.0253,19.1148],[75.0249,19.103],[75.0439,19.1102],[75.0371,19.1017],[75.0529,19.1076],[75.0586,19.0985],[75.0776,19.1056],[75.0686,19.1109],[75.0787,19.1187],[75.0704,19.12],[75.1055,19.1265],[75.1102,19.1135],[75.0976,19.1014],[75.0973,19.0815],[75.0787,19.0812],[75.0905,19.0681],[75.0747,19.0691],[75.0708,19.0554],[75.1349,19.0358],[75.166,19.0371],[75.1689,19.0194],[75.1814,19.0123],[75.21,19.0224],[75.209,19.0348],[75.1857,19.0521],[75.1968,19.0674],[75.1875,19.0932],[75.2165,19.1125],[75.2269,19.0913],[75.2247,19.0671],[75.2616,19.0701],[75.2709,19.0541],[75.2566,19.0253],[75.2691,18.9982],[75.2952,18.9812],[75.3418,18.9904],[75.34,19.0286],[75.2845,19.0341],[75.2931,19.0749],[75.2841,19.0825],[75.3085,19.0985],[75.3361,19.0812],[75.3651,19.0785],[75.3604,19.1083],[75.3318,19.1311],[75.3303,19.1527],[75.3518,19.1487],[75.3525,19.1484],[75.3507,19.1265],[75.4077,19.1406],[75.4091,19.1288],[75.393,19.1265],[75.3683,19.0815],[75.4123,19.0802],[75.4445,19.0926],[75.4495,19.0831],[75.4857,19.106],[75.4825,19.1269],[75.4302,19.1187],[75.4227,19.138],[75.4538,19.1442],[75.4485,19.1661],[75.4227,19.1732],[75.4037,19.1974],[75.4216,19.2199],[75.4456,19.2206],[75.4456,19.2209],[75.4585,19.2503],[75.519,19.2781],[75.5201,19.2787],[75.5229,19.2836],[75.5394,19.3156],[75.5426,19.3221],[75.5394,19.3231],[75.5168,19.3306],[75.5315,19.376],[75.5168,19.3848],[75.4932,19.3825],[75.4853,19.3839],[75.4878,19.4178],[75.4757,19.4273],[75.4746,19.4283],[75.4814,19.4358],[75.4875,19.4426],[75.4878,19.443],[75.5079,19.4309],[75.5158,19.4048],[75.5505,19.3865],[75.5877,19.3783],[75.606,19.3848],[75.6067,19.3852],[75.6235,19.3731],[75.6414,19.3829],[75.6493,19.3672],[75.6715,19.3682],[75.6833,19.3561],[75.7127,19.3551],[75.7506,19.3571],[75.7624,19.3793],[75.7578,19.3894],[75.7907,19.4002],[75.8423,19.3705],[75.8738,19.3835],[75.887,19.3773],[75.9117,19.392],[75.9124,19.3923],[75.9239,19.3809],[75.906,19.3408],[75.9067,19.3153],[75.9071,19.3136],[75.9422,19.2918],[75.9432,19.2914],[75.9783,19.3055],[76.0198,19.3398],[76.0249,19.2976],[76.0406,19.283],[76.0807,19.279],[76.1025,19.3065],[76.1036,19.3078],[76.1136,19.2957],[76.1272,19.3029],[76.1287,19.3035],[76.1398,19.2898],[76.1591,19.2973],[76.1641,19.2833],[76.1648,19.2816],[76.1928,19.283],[76.2003,19.2833],[76.2039,19.2771],[76.2082,19.2745]]]}},{"type":"Feature","properties":{"district":"Mumbai"},"geometry":{"type":"Polygon","coordinates":[[[72.8941,18.9812],[72.9052,18.9754],[72.9099,18.9695],[72.9131,18.9561],[72.912,18.9473],[72.8741,18.9159],[72.8669,18.9114],[72.8658,18.9091],[72.8623,18.9042],[72.8361,18.8637],[72.8282,18.8643],[72.8032,18.9055],[72.8146,18.9215],[72.8121,18.9117],[72.8254,18.9198],[72.8179,18.9254],[72.8229,18.943],[72.8085,18.9551],[72.7939,18.9394],[72.7914,18.9489],[72.8146,18.9832],[72.8154,19.026],[72.8243,19.0181],[72.8383,19.0338],[72.8368,19.0478],[72.8175,19.0433],[72.8272,19.0919],[72.8196,19.121],[72.8007,19.1425],[72.7867,19.1298],[72.7817,19.1661],[72.7953,19.1723],[72.7967,19.1945],[72.7828,19.1928],[72.7763,19.2225],[72.7842,19.2637],[72.8239,19.2451],[72.839,19.2656],[72.8601,19.2686],[72.9049,19.2474],[72.9349,19.1915],[72.9668,19.1768],[72.98,19.155],[72.9661,19.0939],[72.9768,19.0387],[72.9564,18.9874],[72.8941,18.9812]]]}},{"type":"Feature","properties":{"district":"Latur"},"geometry":{"type":"Polygon","coordinates":[[[76.99,18.8284],[76.9911,18.8245],[76.9904,18.8242],[77.0086,18.7657],[77.0534,18.7693],[77.0581,18.7246],[77.0437,18.7014],[77.0459,18.6831],[77.1379,18.6975],[77.1415,18.7131],[77.1515,18.7001],[77.1808,18.7004],[77.1945,18.69],[77.1587,18.6802],[77.1536,18.6475],[77.1987,18.6478],[77.2113,18.6243],[77.2675,18.6119],[77.2618,18.5672],[77.2968,18.5473],[77.2822,18.5218],[77.2678,18.5218],[77.2474,18.5006],[77.2499,18.4872],[77.2772,18.4767],[77.2671,18.4545],[77.2539,18.4519],[77.265,18.4428],[77.2657,18.4222],[77.2417,18.4124],[77.2349,18.3967],[77.2464,18.3703],[77.226,18.3654],[77.2202,18.3491],[77.2295,18.3481],[77.2192,18.3259],[77.1995,18.3167],[77.2131,18.2805],[77.1751,18.2847],[77.1697,18.2609],[77.149,18.239],[77.1515,18.2171],[77.0974,18.1966],[77.1168,18.1695],[77.1107,18.1551],[77.0641,18.1508],[77.052,18.173],[77.0334,18.1819],[77.0233,18.1757],[77.0233,18.1584],[77.0011,18.161],[76.9904,18.19],[76.9521,18.1881],[76.9424,18.1564],[76.9317,18.1597],[76.9238,18.1469],[76.932,18.1335],[76.9206,18.1182],[76.9664,18.0983],[76.9453,18.0832],[76.9524,18.0401],[76.9141,18.0352],[76.9055,18.0095],[76.9191,17.9164],[76.9012,17.9174],[76.8844,17.8942],[76.84,17.8994],[76.8314,17.8854],[76.8103,17.887],[76.8042,17.8707],[76.7752,17.8779],[76.7684,17.9014],[76.7398,17.8997],[76.7358,17.9043],[76.7351,17.9108],[76.7294,17.9115],[76.6743,17.9183],[76.6811,17.9468],[76.6732,17.9487],[76.6728,17.967],[76.689,17.9696],[76.6789,17.9961],[76.6027,18.0062],[76.6105,18.0379],[76.5987,18.0307],[76.5662,18.0395],[76.5529,18.0264],[76.5321,18.0359],[76.5246,18.0215],[76.5092,18.0235],[76.5125,18.0444],[76.4985,18.0486],[76.4949,18.0255],[76.4255,18.0343],[76.3965,18.0548],[76.3796,18.0878],[76.332,18.0757],[76.3274,18.096],[76.279,18.109],[76.2808,18.1822],[76.3016,18.2302],[76.2858,18.2322],[76.2833,18.2501],[76.3145,18.2815],[76.3173,18.3301],[76.2848,18.3402],[76.2894,18.3879],[76.2576,18.3637],[76.2021,18.3938],[76.2261,18.4336],[76.2683,18.4209],[76.2611,18.4663],[76.2697,18.4682],[76.2533,18.4826],[76.2601,18.4934],[76.2536,18.5205],[76.2701,18.5244],[76.2758,18.558],[76.274,18.5587],[76.2794,18.574],[76.3481,18.5655],[76.3682,18.543],[76.3904,18.5414],[76.3979,18.6008],[76.3993,18.6018],[76.4591,18.6191],[76.4681,18.6322],[76.4792,18.6116],[76.4953,18.6126],[76.4999,18.6149],[76.5135,18.6211],[76.5189,18.6237],[76.52,18.6263],[76.5286,18.6495],[76.5436,18.6521],[76.5801,18.6158],[76.593,18.6727],[76.6002,18.674],[76.6363,18.6753],[76.6406,18.6612],[76.6306,18.6462],[76.6711,18.6325],[76.6732,18.6354],[76.6811,18.6488],[76.6642,18.6583],[76.6821,18.6919],[76.7337,18.6998],[76.7219,18.7497],[76.7244,18.751],[76.733,18.7559],[76.7427,18.7762],[76.7785,18.7755],[76.7799,18.7945],[76.8286,18.8121],[76.8511,18.8091],[76.8697,18.831],[76.878,18.8323],[76.8941,18.8343],[76.9109,18.8366],[76.99,18.8284]]]}},{"type":"Feature","properties":{"district":"Osmanabad"},"geometry":{"type":"Polygon","coordinates":[[[75.3124,18.5202],[75.3282,18.5234],[75.3296,18.5234],[75.3296,18.5238],[75.3421,18.5607],[75.4148,18.5309],[75.4621,18.6057],[75.4878,18.6263],[75.4993,18.6207],[75.5201,18.6384],[75.5405,18.6426],[75.5458,18.6436],[75.5433,18.6808],[75.582,18.6844],[75.5824,18.6877],[75.5842,18.6971],[75.5877,18.6958],[75.5992,18.69],[75.6081,18.6808],[75.6339,18.656],[75.6411,18.6491],[75.6486,18.6498],[75.6672,18.6508],[75.6683,18.6916],[75.7274,18.6746],[75.7535,18.6798],[75.7606,18.6779],[75.7879,18.6557],[75.8029,18.6733],[75.8487,18.6547],[75.8573,18.6596],[75.8555,18.6488],[75.9393,18.6413],[75.949,18.6051],[75.949,18.6047],[75.9536,18.606],[75.9926,18.6152],[75.9941,18.6132],[75.9823,18.5917],[75.9923,18.5835],[75.993,18.5835],[76.0084,18.5855],[76.0127,18.6073],[76.0327,18.6002],[76.0567,18.5721],[76.1011,18.5878],[76.1058,18.5878],[76.1476,18.5829],[76.1519,18.5812],[76.1595,18.5584],[76.1602,18.5558],[76.1602,18.5554],[76.1698,18.561],[76.1695,18.5848],[76.1702,18.5848],[76.2543,18.5753],[76.2547,18.5636],[76.2737,18.558],[76.274,18.5587],[76.2758,18.558],[76.2701,18.5244],[76.2536,18.5205],[76.2601,18.4934],[76.2533,18.4826],[76.2697,18.4682],[76.2611,18.4663],[76.2683,18.4209],[76.2261,18.4336],[76.2021,18.3938],[76.2576,18.3637],[76.2894,18.3879],[76.2848,18.3402],[76.3173,18.3301],[76.3145,18.2815],[76.2833,18.2501],[76.2858,18.2322],[76.3016,18.2302],[76.2808,18.1822],[76.279,18.109],[76.3274,18.096],[76.332,18.0757],[76.3796,18.0878],[76.3965,18.0548],[76.4255,18.0343],[76.4949,18.0255],[76.4985,18.0486],[76.5125,18.0444],[76.5092,18.0235],[76.5246,18.0215],[76.5321,18.0359],[76.5529,18.0264],[76.5662,18.0395],[76.5987,18.0307],[76.6105,18.0379],[76.6027,18.0062],[76.6789,17.9961],[76.689,17.9696],[76.6728,17.967],[76.6732,17.9487],[76.6811,17.9468],[76.6743,17.9183],[76.7294,17.9115],[76.7351,17.9108],[76.7358,17.9043],[76.7384,17.8566],[76.7677,17.8521],[76.7906,17.8263],[76.762,17.7871],[76.7144,17.7809],[76.7283,17.7378],[76.6997,17.727],[76.6907,17.681],[76.6642,17.6875],[76.6557,17.7179],[76.6331,17.7283],[76.632,17.7544],[76.6138,17.7711],[76.6005,17.7257],[76.5823,17.7058],[76.5705,17.7054],[76.564,17.7508],[76.573,17.7603],[76.5232,17.7596],[76.5239,17.7149],[76.4874,17.7146],[76.4899,17.6604],[76.453,17.6558],[76.4416,17.6496],[76.4448,17.6411],[76.3804,17.6594],[76.3793,17.6852],[76.3642,17.6849],[76.3571,17.6963],[76.322,17.6953],[76.3156,17.7139],[76.2955,17.7283],[76.2948,17.7283],[76.2701,17.7276],[76.2518,17.7048],[76.2225,17.6986],[76.2218,17.6875],[76.1881,17.6832],[76.1659,17.6992],[76.1448,17.6989],[76.1476,17.7172],[76.1652,17.7136],[76.1752,17.7296],[76.1473,17.7335],[76.1444,17.7561],[76.134,17.7557],[76.1287,17.7672],[76.1022,17.7645],[76.0875,17.7783],[76.0549,17.7629],[76.0277,17.7659],[76.0034,17.7505],[76.0191,17.8282],[75.9805,17.8439],[75.9776,17.8204],[75.9661,17.8181],[75.9414,17.8527],[75.9318,17.8517],[75.9235,17.8331],[75.8749,17.8459],[75.8738,17.8596],[75.8566,17.869],[75.8448,17.8919],[75.8505,17.9232],[75.8505,17.9232],[75.838,17.9317],[75.8398,17.9807],[75.8527,18.0059],[75.9078,18.0036],[75.9217,17.9752],[75.9221,17.9745],[75.9225,17.9745],[75.9797,17.9722],[75.9833,17.9935],[75.9959,17.9954],[76.0044,18.03],[76.0188,18.0421],[76.0188,18.0424],[76.0141,18.0529],[75.9844,18.0539],[75.9959,18.0672],[75.9865,18.0881],[75.9558,18.0855],[75.9454,18.1061],[75.9382,18.1257],[75.9575,18.1606],[75.9354,18.1933],[75.9475,18.2308],[75.9286,18.2599],[75.9328,18.2857],[75.8956,18.3575],[75.8824,18.3654],[75.8602,18.3585],[75.8244,18.3781],[75.7961,18.3794],[75.7703,18.4082],[75.7624,18.4395],[75.7234,18.4333],[75.7055,18.3948],[75.7234,18.3856],[75.7284,18.3621],[75.7173,18.336],[75.6815,18.3239],[75.6475,18.3295],[75.6472,18.3291],[75.6142,18.27],[75.6296,18.2651],[75.6275,18.2433],[75.5874,18.2534],[75.5688,18.2364],[75.5605,18.2028],[75.5484,18.2047],[75.5548,18.1904],[75.5444,18.1779],[75.5433,18.1629],[75.5326,18.1378],[75.5301,18.1348],[75.5047,18.1541],[75.5029,18.1561],[75.5022,18.1557],[75.4871,18.1512],[75.4853,18.174],[75.4631,18.1711],[75.4624,18.1584],[75.4288,18.1753],[75.4377,18.2047],[75.4191,18.2397],[75.4299,18.2609],[75.3955,18.2632],[75.4012,18.2962],[75.3923,18.3082],[75.403,18.3282],[75.388,18.3268],[75.3353,18.3882],[75.3049,18.3895],[75.2859,18.4049],[75.3028,18.4353],[75.296,18.4937],[75.3124,18.5202]]]}},{"type":"Feature","properties":{"district":"Solapur"},"geometry":{"type":"Polygon","coordinates":[[[74.8323,18.3347],[74.851,18.3295],[74.8642,18.3357],[74.866,18.352],[74.9079,18.3566],[74.9147,18.3788],[74.9666,18.385],[74.9795,18.4],[75.0056,18.4036],[75.0167,18.4369],[75.059,18.4189],[75.0797,18.4235],[75.0908,18.431],[75.1059,18.4901],[75.1216,18.4918],[75.1338,18.526],[75.1571,18.5192],[75.2011,18.5313],[75.2136,18.5535],[75.2412,18.5398],[75.2594,18.5087],[75.296,18.5238],[75.3124,18.5202],[75.296,18.4937],[75.3028,18.4353],[75.2859,18.4049],[75.3049,18.3895],[75.3353,18.3882],[75.388,18.3268],[75.403,18.3282],[75.3923,18.3082],[75.4012,18.2962],[75.3955,18.2632],[75.4299,18.2609],[75.4191,18.2397],[75.4377,18.2047],[75.4288,18.1753],[75.4624,18.1584],[75.4631,18.1711],[75.4853,18.174],[75.4871,18.1512],[75.5022,18.1557],[75.5029,18.1561],[75.5047,18.1541],[75.5301,18.1348],[75.5326,18.1378],[75.5433,18.1629],[75.5444,18.1779],[75.5548,18.1904],[75.5484,18.2047],[75.5605,18.2028],[75.5688,18.2364],[75.5874,18.2534],[75.6275,18.2433],[75.6296,18.2651],[75.6142,18.27],[75.6472,18.3291],[75.6475,18.3295],[75.6815,18.3239],[75.7173,18.336],[75.7284,18.3621],[75.7234,18.3856],[75.7055,18.3948],[75.7234,18.4333],[75.7624,18.4395],[75.7703,18.4082],[75.7961,18.3794],[75.8244,18.3781],[75.8602,18.3585],[75.8824,18.3654],[75.8956,18.3575],[75.9328,18.2857],[75.9286,18.2599],[75.9475,18.2308],[75.9354,18.1933],[75.9575,18.1606],[75.9382,18.1257],[75.9454,18.1061],[75.9558,18.0855],[75.9865,18.0881],[75.9959,18.0672],[75.9844,18.0539],[76.0141,18.0529],[76.0188,18.0424],[76.0188,18.0421],[76.0044,18.03],[75.9959,17.9954],[75.9833,17.9935],[75.9797,17.9722],[75.9225,17.9745],[75.9221,17.9745],[75.9217,17.9752],[75.9078,18.0036],[75.8527,18.0059],[75.8398,17.9807],[75.838,17.9317],[75.8505,17.9232],[75.8505,17.9232],[75.8448,17.8919],[75.8566,17.869],[75.8738,17.8596],[75.8749,17.8459],[75.9235,17.8331],[75.9318,17.8517],[75.9414,17.8527],[75.9661,17.8181],[75.9776,17.8204],[75.9805,17.8439],[76.0191,17.8282],[76.0034,17.7505],[76.0277,17.7659],[76.0549,17.7629],[76.0875,17.7783],[76.1022,17.7645],[76.1287,17.7672],[76.134,17.7557],[76.1444,17.7561],[76.1473,17.7335],[76.1752,17.7296],[76.1652,17.7136],[76.1476,17.7172],[76.1448,17.6989],[76.1659,17.6992],[76.1881,17.6832],[76.2218,17.6875],[76.2225,17.6986],[76.2518,17.7048],[76.2701,17.7276],[76.2948,17.7283],[76.2955,17.7283],[76.3156,17.7139],[76.322,17.6953],[76.3571,17.6963],[76.3642,17.6849],[76.3793,17.6852],[76.3804,17.6594],[76.4287,17.6437],[76.4197,17.6039],[76.3309,17.5961],[76.3406,17.5425],[76.3628,17.5376],[76.3675,17.52],[76.3467,17.5128],[76.346,17.4925],[76.3753,17.4903],[76.3306,17.4703],[76.3335,17.4341],[76.3714,17.4364],[76.3635,17.3776],[76.409,17.3714],[76.4122,17.3511],[76.3965,17.3472],[76.3832,17.3146],[76.3542,17.3143],[76.3453,17.3544],[76.3145,17.3482],[76.3177,17.3322],[76.2765,17.3345],[76.2722,17.3606],[76.2508,17.3603],[76.2422,17.3786],[76.2286,17.3756],[76.2296,17.3652],[76.1702,17.3528],[76.1831,17.3195],[76.1763,17.3009],[76.1652,17.3035],[76.1627,17.3453],[76.119,17.3707],[76.0997,17.3649],[76.0789,17.3316],[76.0607,17.3554],[76.0145,17.3534],[75.9984,17.3381],[75.9307,17.3227],[75.8906,17.3564],[75.8942,17.4011],[75.8845,17.4178],[75.8609,17.3858],[75.8512,17.4106],[75.8215,17.421],[75.8136,17.3727],[75.7932,17.3694],[75.7721,17.3858],[75.766,17.4054],[75.7338,17.42],[75.7123,17.408],[75.6908,17.4096],[75.6762,17.456],[75.6332,17.4772],[75.6067,17.4204],[75.6135,17.392],[75.5741,17.3835],[75.5806,17.3511],[75.6103,17.3449],[75.6046,17.3051],[75.5441,17.278],[75.5168,17.2401],[75.4717,17.2431],[75.4213,17.2656],[75.4019,17.2111],[75.4059,17.1853],[75.3697,17.1905],[75.3658,17.2362],[75.3343,17.2391],[75.33,17.2189],[75.287,17.2156],[75.2838,17.1928],[75.3042,17.1702],[75.296,17.1461],[75.2702,17.1477],[75.2691,17.1843],[75.2226,17.1833],[75.214,17.1996],[75.2387,17.2156],[75.2476,17.2568],[75.2261,17.2535],[75.204,17.2708],[75.1932,17.2682],[75.1792,17.2356],[75.1152,17.2401],[75.0933,17.2509],[75.0797,17.247],[75.0779,17.2218],[75.0146,17.2258],[75.0092,17.2088],[74.9777,17.1925],[74.9505,17.2022],[74.939,17.1928],[74.9505,17.1921],[74.9483,17.1748],[74.9333,17.1686],[74.9208,17.1663],[74.8996,17.1846],[74.886,17.18],[74.8946,17.1947],[74.8714,17.1898],[74.8628,17.1964],[74.8692,17.2101],[74.8485,17.2039],[74.8853,17.2209],[74.9082,17.2741],[74.9362,17.2751],[74.9365,17.2849],[74.9591,17.2934],[74.9702,17.3443],[75.0078,17.3681],[74.9934,17.3923],[74.9977,17.406],[75.006,17.4135],[75.0228,17.4076],[75.0346,17.4191],[75.0386,17.4765],[75.0328,17.4909],[75.0285,17.4942],[75.0271,17.4952],[74.9755,17.4667],[74.9738,17.4658],[74.9712,17.469],[74.9673,17.4736],[74.9369,17.5098],[74.9852,17.5448],[74.9612,17.5647],[74.9605,17.5918],[74.9154,17.5801],[74.9233,17.6189],[74.9093,17.6196],[74.9065,17.6267],[74.8846,17.6823],[74.8839,17.6826],[74.8642,17.694],[74.8646,17.6943],[74.8646,17.6953],[74.8692,17.7263],[74.8374,17.7267],[74.779,17.7757],[74.7629,17.7577],[74.7611,17.7685],[74.7564,17.7587],[74.755,17.7694],[74.7393,17.7678],[74.7507,17.7724],[74.7453,17.7838],[74.7557,17.7737],[74.7529,17.7877],[74.7357,17.7913],[74.7457,17.8011],[74.7142,17.7861],[74.7124,17.7956],[74.6977,17.789],[74.706,17.7956],[74.6924,17.7975],[74.702,17.7985],[74.7024,17.809],[74.6888,17.8041],[74.6831,17.8122],[74.6895,17.8299],[74.677,17.8351],[74.6788,17.8501],[74.6655,17.8635],[74.6533,17.8628],[74.6444,17.8478],[74.6523,17.8442],[74.6433,17.8397],[74.6483,17.8387],[74.6405,17.8325],[74.6401,17.8321],[74.6365,17.8295],[74.6268,17.8403],[74.6265,17.8406],[74.6265,17.84],[74.6272,17.8328],[74.6272,17.8302],[74.6204,17.8315],[74.6183,17.8318],[74.6136,17.8328],[74.6211,17.8452],[74.6072,17.8445],[74.6086,17.8579],[74.6107,17.8592],[74.6362,17.873],[74.6351,17.9017],[74.6526,17.9206],[74.6591,17.9448],[74.6666,17.9722],[74.6644,17.9892],[74.663,18.0042],[74.663,18.0049],[74.6709,18.0085],[74.711,18.0287],[74.7088,18.0297],[74.7174,18.029],[74.7289,18.0277],[74.7493,18.0176],[74.7665,18.0241],[74.8019,17.9974],[74.8026,17.9967],[74.818,18.015],[74.8313,17.9935],[74.861,17.9935],[74.8459,17.9468],[74.8642,17.9526],[74.8943,17.937],[74.9122,17.9451],[74.9369,17.9409],[74.9423,17.9246],[75.0178,17.9089],[75.0239,17.8952],[75.0529,17.905],[75.05,17.9268],[75.0722,17.9174],[75.0733,17.918],[75.0876,17.9265],[75.0808,17.9409],[75.0973,17.9461],[75.1109,17.9386],[75.1119,17.9383],[75.1184,17.9451],[75.1273,17.9543],[75.1298,17.9569],[75.1177,17.9699],[75.1313,17.9712],[75.1352,17.9712],[75.1352,17.9716],[75.1345,17.9729],[75.1195,18.0],[75.1159,17.9997],[75.1145,17.9997],[75.1087,17.9993],[75.1001,17.9755],[75.0708,17.9801],[75.0536,17.952],[75.0389,17.95],[75.0199,17.9667],[75.0497,18.0219],[75.0801,18.0388],[75.094,18.0686],[75.1313,18.0764],[75.1352,18.0927],[75.1646,18.1123],[75.1495,18.1231],[75.0923,18.1218],[75.0905,18.1459],[75.1116,18.1979],[75.1066,18.2191],[75.0801,18.2181],[75.0597,18.2002],[75.0221,18.1887],[75.0085,18.2093],[75.0436,18.2521],[75.0418,18.2622],[74.9906,18.2387],[74.9487,18.2651],[74.8424,18.2449],[74.8374,18.2478],[74.8087,18.2759],[74.7965,18.2939],[74.8008,18.2988],[74.8051,18.3014],[74.8316,18.2919],[74.8323,18.2926],[74.8323,18.2926],[74.8327,18.2929],[74.8442,18.305],[74.8467,18.3079],[74.8323,18.3347]]]}},{"type":"Feature","properties":{"district":"Satara"},"geometry":{"type":"Polygon","coordinates":[[[73.657,18.0297],[73.6577,18.029],[73.6645,18.0245],[73.6656,18.0251],[73.7039,18.046],[73.758,18.0375],[73.7659,18.0228],[73.7923,18.0202],[73.8127,18.0379],[73.8271,18.0297],[73.8453,18.0401],[73.8571,18.031],[73.8793,18.0865],[73.8607,18.1198],[73.8869,18.1156],[73.9012,18.128],[73.8761,18.1682],[73.8926,18.1809],[73.894,18.1815],[73.8944,18.1815],[73.9044,18.16],[73.9048,18.159],[73.9438,18.1802],[73.986,18.1521],[74.0046,18.159],[74.0283,18.1322],[74.054,18.1401],[74.0777,18.1215],[74.1188,18.1329],[74.1371,18.1169],[74.1478,18.1211],[74.165,18.1068],[74.1865,18.112],[74.2091,18.0973],[74.2334,18.1012],[74.3004,18.0672],[74.3541,18.097],[74.3809,18.0702],[74.4371,18.064],[74.46,18.0457],[74.5588,18.0695],[74.5817,18.046],[74.5821,18.0467],[74.5903,18.0558],[74.6097,18.046],[74.629,18.0568],[74.6401,18.0437],[74.6408,18.0447],[74.6541,18.0672],[74.6569,18.0679],[74.6598,18.0686],[74.6712,18.0643],[74.6877,18.049],[74.7081,18.03],[74.7085,18.0297],[74.7088,18.0297],[74.711,18.0287],[74.6709,18.0085],[74.663,18.0049],[74.663,18.0042],[74.6644,17.9892],[74.6666,17.9722],[74.6591,17.9448],[74.6526,17.9206],[74.6351,17.9017],[74.6362,17.873],[74.6107,17.8592],[74.6086,17.8579],[74.6072,17.8445],[74.6211,17.8452],[74.6136,17.8328],[74.6183,17.8318],[74.6204,17.8315],[74.6272,17.8302],[74.6272,17.8328],[74.6265,17.84],[74.6265,17.8406],[74.6268,17.8403],[74.6365,17.8295],[74.6401,17.8321],[74.6405,17.8325],[74.6483,17.8387],[74.6433,17.8397],[74.6523,17.8442],[74.6444,17.8478],[74.6533,17.8628],[74.6655,17.8635],[74.6788,17.8501],[74.677,17.8351],[74.6895,17.8299],[74.6831,17.8122],[74.6888,17.8041],[74.7024,17.809],[74.702,17.7985],[74.6924,17.7975],[74.706,17.7956],[74.6977,17.789],[74.7124,17.7956],[74.7142,17.7861],[74.7457,17.8011],[74.7357,17.7913],[74.7529,17.7877],[74.7557,17.7737],[74.7453,17.7838],[74.7507,17.7724],[74.7393,17.7678],[74.755,17.7694],[74.7564,17.7587],[74.7611,17.7685],[74.7629,17.7577],[74.779,17.7757],[74.8374,17.7267],[74.8692,17.7263],[74.8646,17.6953],[74.8646,17.6943],[74.8642,17.694],[74.8839,17.6826],[74.8846,17.6823],[74.9065,17.6267],[74.88,17.6045],[74.8757,17.5696],[74.857,17.5598],[74.8599,17.5112],[74.808,17.455],[74.8062,17.4534],[74.7926,17.4592],[74.6852,17.4873],[74.6945,17.4788],[74.6959,17.4413],[74.6813,17.422],[74.6859,17.3952],[74.6709,17.3884],[74.6598,17.3982],[74.6251,17.4008],[74.624,17.4158],[74.5957,17.4485],[74.5835,17.4135],[74.5277,17.4194],[74.4976,17.3832],[74.4683,17.3936],[74.4314,17.3907],[74.3952,17.4083],[74.3437,17.4099],[74.3469,17.421],[74.2839,17.42],[74.2549,17.3616],[74.261,17.3534],[74.2889,17.3564],[74.2889,17.3564],[74.2799,17.3365],[74.2921,17.312],[74.2624,17.3071],[74.2556,17.293],[74.2638,17.2565],[74.2885,17.2463],[74.285,17.2323],[74.266,17.2218],[74.2853,17.2049],[74.2832,17.198],[74.2774,17.1784],[74.2663,17.1872],[74.2481,17.1833],[74.2542,17.1712],[74.2327,17.1542],[74.2474,17.1549],[74.2467,17.1412],[74.1772,17.1493],[74.1568,17.1252],[74.131,17.1154],[74.131,17.1154],[74.111,17.1249],[74.0941,17.1017],[74.0934,17.101],[74.0515,17.1053],[74.0308,17.0906],[73.9839,17.118],[73.9796,17.1317],[73.9406,17.1337],[73.8997,17.1598],[73.884,17.1552],[73.8697,17.1908],[73.8496,17.1983],[73.8342,17.2261],[73.7655,17.2502],[73.7458,17.2774],[73.7197,17.2597],[73.6939,17.2607],[73.6939,17.2617],[73.6781,17.2947],[73.6778,17.295],[73.6839,17.3521],[73.6767,17.3681],[73.6413,17.391],[73.6663,17.3923],[73.6896,17.4227],[73.7032,17.424],[73.7064,17.4654],[73.6935,17.487],[73.7075,17.4942],[73.7018,17.5056],[73.7211,17.5265],[73.7401,17.5334],[73.7451,17.5559],[73.715,17.5738],[73.7265,17.5895],[73.7129,17.6081],[73.72,17.6205],[73.6903,17.6281],[73.7,17.6584],[73.6806,17.678],[73.6867,17.6868],[73.6506,17.709],[73.6345,17.6966],[73.6144,17.7136],[73.5904,17.7028],[73.5686,17.7241],[73.5922,17.7766],[73.5818,17.789],[73.6033,17.7952],[73.5843,17.8292],[73.5958,17.8511],[73.579,17.8622],[73.5775,17.8651],[73.5758,17.8681],[73.5722,17.8752],[73.5629,17.8939],[73.5342,17.8981],[73.5636,17.9167],[73.579,17.9458],[73.5976,17.9392],[73.6384,17.9716],[73.6284,17.9895],[73.6559,18.0124],[73.6488,18.0228],[73.657,18.0297]]]}},{"type":"Feature","properties":{"district":"Ratnagiri"},"geometry":{"type":"Polygon","coordinates":[[[73.5722,17.8752],[73.5758,17.8681],[73.5775,17.8651],[73.579,17.8622],[73.5958,17.8511],[73.5843,17.8292],[73.6033,17.7952],[73.5818,17.789],[73.5922,17.7766],[73.5686,17.7241],[73.5904,17.7028],[73.6144,17.7136],[73.6345,17.6966],[73.6506,17.709],[73.6867,17.6868],[73.6806,17.678],[73.7,17.6584],[73.6903,17.6281],[73.72,17.6205],[73.7129,17.6081],[73.7265,17.5895],[73.715,17.5738],[73.7451,17.5559],[73.7401,17.5334],[73.7211,17.5265],[73.7018,17.5056],[73.7075,17.4942],[73.6935,17.487],[73.7064,17.4654],[73.7032,17.424],[73.6896,17.4227],[73.6663,17.3923],[73.6413,17.391],[73.6767,17.3681],[73.6839,17.3521],[73.6778,17.295],[73.6781,17.2947],[73.6939,17.2617],[73.6939,17.2607],[73.6935,17.261],[73.6928,17.2307],[73.715,17.2071],[73.6935,17.1797],[73.6932,17.1797],[73.6946,17.1791],[73.7071,17.1709],[73.7075,17.1709],[73.686,17.1585],[73.6882,17.1412],[73.7104,17.1428],[73.7369,17.1206],[73.7476,17.1278],[73.7483,17.1281],[73.8056,17.084],[73.8027,17.0612],[73.8303,17.0582],[73.821,17.038],[73.8324,17.0246],[73.8317,16.9972],[73.8314,16.9903],[73.8253,16.9907],[73.7863,16.9929],[73.7626,16.96],[73.7959,16.9286],[73.7895,16.91],[73.788,16.9067],[73.7648,16.9103],[73.7612,16.9018],[73.7401,16.9123],[73.7383,16.9067],[73.7386,16.9028],[73.7494,16.9012],[73.7465,16.8849],[73.768,16.8679],[73.7655,16.8515],[73.7651,16.8489],[73.7522,16.8352],[73.7369,16.8447],[73.7096,16.8293],[73.7612,16.8019],[73.7537,16.7853],[73.7608,16.7706],[73.7812,16.7784],[73.7816,16.7787],[73.7866,16.7706],[73.7923,16.7627],[73.8124,16.7686],[73.8131,16.7683],[73.8153,16.7663],[73.8289,16.7539],[73.8328,16.7428],[73.8357,16.735],[73.8364,16.734],[73.8342,16.7317],[73.8106,16.7075],[73.8586,16.6817],[73.85,16.6736],[73.8632,16.6697],[73.8629,16.669],[73.8607,16.6644],[73.8546,16.6517],[73.8536,16.6514],[73.8518,16.6481],[73.8514,16.6494],[73.8464,16.6504],[73.831,16.6484],[73.7748,16.6641],[73.7719,16.6648],[73.7644,16.6435],[73.7526,16.6409],[73.7687,16.6246],[73.7673,16.6024],[73.7089,16.6021],[73.7,16.6249],[73.6914,16.6246],[73.6703,16.5838],[73.6606,16.589],[73.6653,16.5808],[73.6481,16.575],[73.6456,16.5642],[73.6448,16.5616],[73.6205,16.5822],[73.5997,16.5443],[73.599,16.5436],[73.5786,16.5446],[73.5435,16.5152],[73.5199,16.5244],[73.5127,16.5136],[73.4966,16.5198],[73.468,16.494],[73.4662,16.4946],[73.4172,16.5149],[73.3688,16.5133],[73.3645,16.5133],[73.3463,16.5296],[73.3183,16.5939],[73.3198,16.6076],[73.3395,16.604],[73.352,16.6151],[73.3495,16.6233],[73.3302,16.62],[73.3416,16.6383],[73.3234,16.6364],[73.3216,16.6439],[73.333,16.6504],[73.3294,16.6853],[73.3413,16.6801],[73.3448,16.6909],[73.3413,16.6971],[73.3302,16.687],[73.3183,16.6968],[73.3055,16.7304],[73.3183,16.8055],[73.2958,16.8166],[73.2883,16.8571],[73.3004,16.8607],[73.2861,16.8803],[73.3033,16.8914],[73.2944,16.8986],[73.2768,16.892],[73.2868,16.9165],[73.2822,16.9505],[73.2922,16.956],[73.2958,16.9841],[73.279,16.9929],[73.2718,16.9864],[73.2689,16.9985],[73.2815,16.9982],[73.2829,17.0132],[73.2553,17.0269],[73.2582,17.0481],[73.2768,17.0357],[73.2876,17.053],[73.2893,17.1154],[73.2847,17.101],[73.2779,17.1134],[73.2675,17.1124],[73.2639,17.1542],[73.2661,17.1549],[73.2521,17.1902],[73.2314,17.1983],[73.2439,17.2003],[73.245,17.2225],[73.2238,17.2476],[73.2235,17.2656],[73.2066,17.2816],[73.2045,17.2695],[73.2041,17.2894],[73.1898,17.2989],[73.1966,17.3067],[73.2231,17.3022],[73.2267,17.2816],[73.2496,17.2809],[73.2396,17.3028],[73.2442,17.3218],[73.2192,17.3293],[73.2306,17.3355],[73.2152,17.3459],[73.226,17.3538],[73.2074,17.3861],[73.1841,17.3848],[73.168,17.4044],[73.1873,17.4145],[73.1884,17.4312],[73.2117,17.4377],[73.187,17.4423],[73.1841,17.4556],[73.1945,17.4648],[73.1791,17.5066],[73.1551,17.5291],[73.1376,17.5565],[73.1436,17.5706],[73.1562,17.5663],[73.168,17.5771],[73.1701,17.5696],[73.1773,17.5827],[73.1376,17.6107],[73.1268,17.6375],[73.1447,17.6385],[73.1146,17.6842],[73.1171,17.6979],[73.1401,17.7025],[73.135,17.7152],[73.1447,17.7224],[73.1343,17.7179],[73.1125,17.7894],[73.0957,17.8112],[73.0892,17.8083],[73.0939,17.8413],[73.0717,17.8935],[73.0527,17.9046],[73.0556,17.9321],[73.0384,17.9347],[73.0287,17.95],[73.0309,17.9693],[73.0448,17.9823],[73.0459,17.9833],[73.0856,17.9899],[73.115,17.9801],[73.1207,17.9876],[73.173,18.0591],[73.1744,18.0588],[73.1916,18.0578],[73.2045,18.0692],[73.2263,18.0565],[73.2876,18.0715],[73.2947,18.0581],[73.2897,18.0359],[73.3004,18.0241],[73.3277,18.0248],[73.3341,18.0111],[73.3456,18.0261],[73.3588,18.0059],[73.3592,18.0052],[73.3416,17.9722],[73.3738,17.9255],[73.371,17.888],[73.4061,17.8837],[73.4265,17.9092],[73.4368,17.9037],[73.4454,17.8514],[73.4612,17.8671],[73.4895,17.8671],[73.5063,17.8511],[73.5339,17.8834],[73.5528,17.8664],[73.5593,17.8694],[73.5722,17.8752]]]}},{"type":"Feature","properties":{"district":"Sangli"},"geometry":{"type":"Polygon","coordinates":[[[74.9065,17.6267],[74.9093,17.6196],[74.9233,17.6189],[74.9154,17.5801],[74.9605,17.5918],[74.9612,17.5647],[74.9852,17.5448],[74.9369,17.5098],[74.9673,17.4736],[74.9712,17.469],[74.9738,17.4658],[74.9755,17.4667],[75.0271,17.4952],[75.0285,17.4942],[75.0328,17.4909],[75.0386,17.4765],[75.0346,17.4191],[75.0228,17.4076],[75.006,17.4135],[74.9977,17.406],[74.9934,17.3923],[75.0078,17.3681],[74.9702,17.3443],[74.9591,17.2934],[74.9365,17.2849],[74.9362,17.2751],[74.9082,17.2741],[74.8853,17.2209],[74.8485,17.2039],[74.8692,17.2101],[74.8628,17.1964],[74.8714,17.1898],[74.8946,17.1947],[74.886,17.18],[74.8996,17.1846],[74.9208,17.1663],[74.9333,17.1686],[74.9483,17.1748],[74.9505,17.1921],[74.939,17.1928],[74.9505,17.2022],[74.9777,17.1925],[75.0092,17.2088],[75.0146,17.2258],[75.0779,17.2218],[75.0797,17.247],[75.0933,17.2509],[75.1152,17.2401],[75.1792,17.2356],[75.1932,17.2682],[75.204,17.2708],[75.2261,17.2535],[75.2476,17.2568],[75.2387,17.2156],[75.214,17.1996],[75.2226,17.1833],[75.2691,17.1843],[75.2702,17.1477],[75.296,17.1461],[75.3042,17.1702],[75.2838,17.1928],[75.287,17.2156],[75.33,17.2189],[75.3343,17.2391],[75.3658,17.2362],[75.3697,17.1905],[75.4059,17.1853],[75.4019,17.2111],[75.4213,17.2656],[75.4717,17.2431],[75.5168,17.2401],[75.5441,17.278],[75.6046,17.3051],[75.6225,17.2953],[75.6278,17.2744],[75.6543,17.2738],[75.6579,17.263],[75.6618,17.2147],[75.64,17.1889],[75.6285,17.1889],[75.6257,17.1742],[75.6493,17.1343],[75.6507,17.1157],[75.6726,17.116],[75.6769,17.0654],[75.6504,17.0573],[75.6411,17.0377],[75.6697,17.038],[75.6658,16.9799],[75.6751,16.9655],[75.6421,16.9547],[75.6339,16.9704],[75.6078,16.9711],[75.6071,17.0047],[75.5731,17.0096],[75.5677,16.9658],[75.5294,16.9694],[75.4889,16.9443],[75.4836,16.9763],[75.4657,16.9884],[75.4417,16.9825],[75.4281,16.9668],[75.3923,16.9802],[75.35,16.958],[75.2795,16.9564],[75.2795,16.9234],[75.2899,16.9041],[75.282,16.8803],[75.2648,16.8626],[75.238,16.8679],[75.2279,16.8434],[75.2143,16.8417],[75.1818,16.8434],[75.1889,16.8751],[75.1764,16.8679],[75.1366,16.8744],[75.1349,16.8946],[75.1177,16.9136],[75.0966,16.9136],[75.0894,16.9518],[75.0253,16.928],[75.0267,16.944],[74.9931,16.9521],[74.9644,16.9475],[74.9644,16.9266],[74.9319,16.9446],[74.9218,16.9296],[74.9555,16.9051],[74.9637,16.9097],[74.9605,16.8809],[74.9014,16.8626],[74.9197,16.7722],[74.8696,16.7742],[74.8656,16.7631],[74.8499,16.7728],[74.8445,16.7617],[74.7958,16.7477],[74.7718,16.7506],[74.7325,16.7183],[74.6956,16.7154],[74.6924,16.7154],[74.6988,16.7343],[74.644,16.7533],[74.6268,16.7885],[74.5606,16.8062],[74.5542,16.8248],[74.5169,16.8587],[74.5148,16.8408],[74.499,16.8293],[74.4965,16.8561],[74.4751,16.8682],[74.4586,16.8522],[74.4074,16.8466],[74.416,16.8754],[74.402,16.8826],[74.3623,16.8535],[74.3541,16.8721],[74.2925,16.8963],[74.2821,16.9185],[74.2388,16.8858],[74.2223,16.9133],[74.2105,16.893],[74.1747,16.9022],[74.1461,16.8832],[74.1206,16.9129],[74.0909,16.9178],[74.0655,16.9022],[74.0655,16.9025],[74.0386,16.9227],[74.0358,16.9387],[74.0229,16.9407],[74.0236,16.9841],[73.9914,16.9972],[73.9756,16.9893],[73.9742,16.9887],[73.9739,16.99],[73.9735,16.992],[73.9692,17.0067],[73.9756,17.0083],[73.9792,17.0308],[73.9792,17.0344],[73.932,17.0729],[73.9295,17.0746],[73.9141,17.0707],[73.9008,17.0987],[73.8733,17.1167],[73.8758,17.1271],[73.8665,17.1356],[73.8478,17.152],[73.7759,17.182],[73.7676,17.1735],[73.7719,17.1477],[73.7483,17.1539],[73.7465,17.1542],[73.7426,17.1765],[73.7207,17.1689],[73.7107,17.1729],[73.7071,17.1709],[73.6946,17.1791],[73.6932,17.1797],[73.6935,17.1797],[73.715,17.2071],[73.6928,17.2307],[73.6935,17.261],[73.6939,17.2607],[73.7197,17.2597],[73.7458,17.2774],[73.7655,17.2502],[73.8342,17.2261],[73.8496,17.1983],[73.8697,17.1908],[73.884,17.1552],[73.8997,17.1598],[73.9406,17.1337],[73.9796,17.1317],[73.9839,17.118],[74.0308,17.0906],[74.0515,17.1053],[74.0934,17.101],[74.0941,17.1017],[74.111,17.1249],[74.131,17.1154],[74.131,17.1154],[74.1568,17.1252],[74.1772,17.1493],[74.2467,17.1412],[74.2474,17.1549],[74.2327,17.1542],[74.2542,17.1712],[74.2481,17.1833],[74.2663,17.1872],[74.2774,17.1784],[74.2832,17.198],[74.2853,17.2049],[74.266,17.2218],[74.285,17.2323],[74.2885,17.2463],[74.2638,17.2565],[74.2556,17.293],[74.2624,17.3071],[74.2921,17.312],[74.2799,17.3365],[74.2889,17.3564],[74.2889,17.3564],[74.261,17.3534],[74.2549,17.3616],[74.2839,17.42],[74.3469,17.421],[74.3437,17.4099],[74.3952,17.4083],[74.4314,17.3907],[74.4683,17.3936],[74.4976,17.3832],[74.5277,17.4194],[74.5835,17.4135],[74.5957,17.4485],[74.624,17.4158],[74.6251,17.4008],[74.6598,17.3982],[74.6709,17.3884],[74.6859,17.3952],[74.6813,17.422],[74.6959,17.4413],[74.6945,17.4788],[74.6852,17.4873],[74.7926,17.4592],[74.8062,17.4534],[74.808,17.455],[74.8599,17.5112],[74.857,17.5598],[74.8757,17.5696],[74.88,17.6045],[74.9065,17.6267]]]}},{"type":"Feature","properties":{"district":"Kolhapur"},"geometry":{"type":"Polygon","coordinates":[[[73.8518,16.6481],[73.8536,16.6514],[73.8546,16.6517],[73.8607,16.6644],[73.8629,16.669],[73.8632,16.6697],[73.85,16.6736],[73.8586,16.6817],[73.8106,16.7075],[73.8342,16.7317],[73.8364,16.734],[73.8357,16.735],[73.8328,16.7428],[73.8289,16.7539],[73.8153,16.7663],[73.8131,16.7683],[73.8124,16.7686],[73.7923,16.7627],[73.7866,16.7706],[73.7816,16.7787],[73.7812,16.7784],[73.7608,16.7706],[73.7537,16.7853],[73.7612,16.8019],[73.7096,16.8293],[73.7369,16.8447],[73.7522,16.8352],[73.7651,16.8489],[73.7655,16.8515],[73.768,16.8679],[73.7465,16.8849],[73.7494,16.9012],[73.7386,16.9028],[73.7383,16.9067],[73.7401,16.9123],[73.7612,16.9018],[73.7648,16.9103],[73.788,16.9067],[73.7895,16.91],[73.7959,16.9286],[73.7626,16.96],[73.7863,16.9929],[73.8253,16.9907],[73.8314,16.9903],[73.8317,16.9972],[73.8324,17.0246],[73.821,17.038],[73.8303,17.0582],[73.8027,17.0612],[73.8056,17.084],[73.7483,17.1281],[73.7476,17.1278],[73.7369,17.1206],[73.7104,17.1428],[73.6882,17.1412],[73.686,17.1585],[73.7075,17.1709],[73.7071,17.1709],[73.7107,17.1729],[73.7207,17.1689],[73.7426,17.1765],[73.7465,17.1542],[73.7483,17.1539],[73.7719,17.1477],[73.7676,17.1735],[73.7759,17.182],[73.8478,17.152],[73.8665,17.1356],[73.8758,17.1271],[73.8733,17.1167],[73.9008,17.0987],[73.9141,17.0707],[73.9295,17.0746],[73.932,17.0729],[73.9792,17.0344],[73.9792,17.0308],[73.9756,17.0083],[73.9692,17.0067],[73.9735,16.992],[73.9739,16.99],[73.9742,16.9887],[73.9756,16.9893],[73.9914,16.9972],[74.0236,16.9841],[74.0229,16.9407],[74.0358,16.9387],[74.0386,16.9227],[74.0655,16.9025],[74.0655,16.9022],[74.0909,16.9178],[74.1206,16.9129],[74.1461,16.8832],[74.1747,16.9022],[74.2105,16.893],[74.2223,16.9133],[74.2388,16.8858],[74.2821,16.9185],[74.2925,16.8963],[74.3541,16.8721],[74.3623,16.8535],[74.402,16.8826],[74.416,16.8754],[74.4074,16.8466],[74.4586,16.8522],[74.4751,16.8682],[74.4965,16.8561],[74.499,16.8293],[74.5148,16.8408],[74.5169,16.8587],[74.5542,16.8248],[74.5606,16.8062],[74.6268,16.7885],[74.644,16.7533],[74.6988,16.7343],[74.6924,16.7154],[74.6956,16.7154],[74.6895,16.6863],[74.6809,16.686],[74.6895,16.6772],[74.6652,16.6657],[74.6537,16.6386],[74.6874,16.6181],[74.6888,16.6083],[74.6394,16.6102],[74.6358,16.5835],[74.619,16.5841],[74.6011,16.5648],[74.5724,16.5534],[74.556,16.5629],[74.5671,16.5854],[74.5438,16.5952],[74.5445,16.6354],[74.4894,16.6302],[74.4718,16.6641],[74.455,16.6471],[74.4668,16.607],[74.4353,16.6011],[74.4221,16.5848],[74.3967,16.5831],[74.3798,16.5286],[74.358,16.5384],[74.3562,16.5596],[74.3397,16.5475],[74.3161,16.5547],[74.315,16.5044],[74.3064,16.5038],[74.3014,16.5293],[74.2918,16.5338],[74.2832,16.5247],[74.2724,16.5475],[74.2642,16.54],[74.2785,16.5048],[74.2474,16.4969],[74.261,16.4799],[74.2742,16.4855],[74.2796,16.5048],[74.291,16.5048],[74.2893,16.4633],[74.3326,16.4548],[74.3351,16.4012],[74.3637,16.4048],[74.3533,16.3666],[74.3362,16.3937],[74.3247,16.3784],[74.3172,16.3813],[74.3272,16.3425],[74.3154,16.3402],[74.3225,16.3343],[74.3168,16.3268],[74.329,16.3239],[74.3254,16.3137],[74.3426,16.2981],[74.3208,16.2847],[74.3247,16.2716],[74.3508,16.2755],[74.3458,16.2938],[74.3594,16.2906],[74.373,16.2615],[74.3827,16.2772],[74.4146,16.2827],[74.4178,16.2579],[74.455,16.2533],[74.4686,16.2403],[74.4808,16.2501],[74.5033,16.2252],[74.4962,16.2141],[74.5084,16.2024],[74.4801,16.1469],[74.4908,16.1165],[74.4844,16.0914],[74.4278,16.1119],[74.3902,16.0894],[74.3909,16.0803],[74.3727,16.0783],[74.3616,16.0541],[74.3773,16.0551],[74.3734,16.0365],[74.4299,16.059],[74.4622,16.0499],[74.4632,16.0394],[74.431,15.9568],[74.387,15.9052],[74.4063,15.8553],[74.3884,15.8543],[74.3648,15.8938],[74.3637,15.8752],[74.3383,15.8549],[74.383,15.8491],[74.3605,15.8167],[74.3705,15.8105],[74.3691,15.7883],[74.3458,15.7645],[74.3233,15.7727],[74.3079,15.7485],[74.2857,15.7416],[74.2681,15.7547],[74.2384,15.7439],[74.2277,15.7567],[74.2284,15.7883],[74.1729,15.7733],[74.1536,15.787],[74.1589,15.822],[74.1432,15.8216],[74.1457,15.8324],[74.1085,15.822],[74.1031,15.8406],[74.0816,15.836],[74.0723,15.8305],[74.0669,15.8148],[74.0344,15.8027],[74.0308,15.8344],[74.0934,15.8723],[74.0941,15.8977],[74.0734,15.9483],[74.0623,15.9418],[74.0451,15.9568],[74.0945,16.0071],[74.0863,16.0179],[74.0734,16.0238],[74.0598,16.0509],[74.044,16.0306],[74.0014,16.0385],[73.9986,16.0391],[73.9946,16.061],[74.0075,16.0714],[73.9903,16.0796],[73.9921,16.0927],[73.9051,16.0999],[73.898,16.0884],[73.8632,16.095],[73.8725,16.1064],[73.8607,16.1064],[73.8417,16.091],[73.8596,16.0695],[73.8335,16.0933],[73.8332,16.094],[73.8525,16.1371],[73.8443,16.1524],[73.8629,16.1387],[73.8661,16.1469],[73.908,16.1371],[73.9162,16.1723],[73.9431,16.1743],[73.9366,16.1857],[73.9509,16.2017],[73.9219,16.2017],[73.9187,16.2181],[73.9406,16.2432],[73.8886,16.2285],[73.9166,16.2452],[73.8908,16.2559],[73.8786,16.2794],[73.9008,16.3062],[73.904,16.3274],[73.8861,16.3288],[73.8625,16.3085],[73.8546,16.316],[73.8453,16.3],[73.8468,16.3121],[73.84,16.3154],[73.8385,16.316],[73.8382,16.316],[73.846,16.3258],[73.8317,16.3451],[73.8636,16.3696],[73.8339,16.4016],[73.8872,16.4489],[73.8876,16.4623],[73.8836,16.476],[73.8625,16.4741],[73.8389,16.5077],[73.8446,16.5273],[73.8145,16.5439],[73.831,16.5495],[73.8464,16.5737],[73.8407,16.5864],[73.8614,16.6128],[73.8482,16.6416],[73.8518,16.6481]]]}},{"type":"Feature","properties":{"district":"Sindhudurg"},"geometry":{"type":"Polygon","coordinates":[[[73.3463,16.5296],[73.3645,16.5133],[73.3688,16.5133],[73.4172,16.5149],[73.4662,16.4946],[73.468,16.494],[73.4966,16.5198],[73.5127,16.5136],[73.5199,16.5244],[73.5435,16.5152],[73.5786,16.5446],[73.599,16.5436],[73.5997,16.5443],[73.6205,16.5822],[73.6448,16.5616],[73.6456,16.5642],[73.6481,16.575],[73.6653,16.5808],[73.6606,16.589],[73.6703,16.5838],[73.6914,16.6246],[73.7,16.6249],[73.7089,16.6021],[73.7673,16.6024],[73.7687,16.6246],[73.7526,16.6409],[73.7644,16.6435],[73.7719,16.6648],[73.7748,16.6641],[73.831,16.6484],[73.8464,16.6504],[73.8514,16.6494],[73.8518,16.6481],[73.8482,16.6416],[73.8614,16.6128],[73.8407,16.5864],[73.8464,16.5737],[73.831,16.5495],[73.8145,16.5439],[73.8446,16.5273],[73.8389,16.5077],[73.8625,16.4741],[73.8836,16.476],[73.8876,16.4623],[73.8872,16.4489],[73.8339,16.4016],[73.8636,16.3696],[73.8317,16.3451],[73.846,16.3258],[73.8382,16.316],[73.8385,16.316],[73.84,16.3154],[73.8468,16.3121],[73.8453,16.3],[73.8546,16.316],[73.8625,16.3085],[73.8861,16.3288],[73.904,16.3274],[73.9008,16.3062],[73.8786,16.2794],[73.8908,16.2559],[73.9166,16.2452],[73.8886,16.2285],[73.9406,16.2432],[73.9187,16.2181],[73.9219,16.2017],[73.9509,16.2017],[73.9366,16.1857],[73.9431,16.1743],[73.9162,16.1723],[73.908,16.1371],[73.8661,16.1469],[73.8629,16.1387],[73.8443,16.1524],[73.8525,16.1371],[73.8332,16.094],[73.8335,16.0933],[73.8596,16.0695],[73.8417,16.091],[73.8607,16.1064],[73.8725,16.1064],[73.8632,16.095],[73.898,16.0884],[73.9051,16.0999],[73.9921,16.0927],[73.9903,16.0796],[74.0075,16.0714],[73.9946,16.061],[73.9986,16.0391],[74.0014,16.0385],[74.044,16.0306],[74.0598,16.0509],[74.0734,16.0238],[74.0863,16.0179],[74.0945,16.0071],[74.0451,15.9568],[74.0623,15.9418],[74.0734,15.9483],[74.0941,15.8977],[74.0934,15.8723],[74.0308,15.8344],[74.0344,15.8027],[74.0669,15.8148],[74.0723,15.8305],[74.0816,15.836],[74.1031,15.8406],[74.1085,15.822],[74.1457,15.8324],[74.1432,15.8216],[74.1589,15.822],[74.1536,15.787],[74.1729,15.7733],[74.2091,15.7811],[74.2015,15.7586],[74.1618,15.7514],[74.1221,15.7207],[74.1321,15.7025],[74.1256,15.6812],[74.0881,15.6724],[74.1185,15.6518],[74.1131,15.646],[74.0308,15.6225],[74.0211,15.6061],[73.991,15.6117],[73.9674,15.6303],[73.9638,15.691],[73.9438,15.6982],[73.9517,15.7162],[73.9388,15.7426],[73.8754,15.7508],[73.8793,15.774],[73.8629,15.7985],[73.8554,15.8001],[73.8514,15.7808],[73.8296,15.7645],[73.8249,15.7407],[73.7927,15.7361],[73.7852,15.7253],[73.7426,15.7358],[73.7283,15.7201],[73.6939,15.7227],[73.6538,15.7436],[73.666,15.755],[73.6266,15.8517],[73.6137,15.8546],[73.5886,15.9098],[73.57,15.9127],[73.5403,15.9372],[73.5102,15.9372],[73.4898,15.9878],[73.4834,16.0362],[73.4569,16.0538],[73.4662,16.0724],[73.4583,16.0803],[73.4565,16.1286],[73.4118,16.2729],[73.4146,16.2847],[73.4343,16.2843],[73.4494,16.3092],[73.4336,16.285],[73.4172,16.2925],[73.41,16.2742],[73.3857,16.3372],[73.3892,16.3611],[73.3978,16.3546],[73.439,16.3719],[73.4032,16.3595],[73.3928,16.3608],[73.395,16.3679],[73.3839,16.3588],[73.3681,16.364],[73.3717,16.3888],[73.3728,16.3761],[73.3874,16.3944],[73.4,16.3885],[73.4082,16.4068],[73.4816,16.4094],[73.4991,16.4182],[73.4648,16.4163],[73.4741,16.4391],[73.4633,16.4163],[73.4268,16.4104],[73.4143,16.4127],[73.4161,16.4199],[73.3993,16.4026],[73.3663,16.3967],[73.3556,16.4424],[73.3674,16.4365],[73.3857,16.4492],[73.352,16.4437],[73.3248,16.5129],[73.3158,16.5129],[73.3105,16.5413],[73.3323,16.5619],[73.3463,16.5296]]]}},{"type":"Feature","properties":{"district":"Thane"},"geometry":{"type":"Polygon","coordinates":[[[73.4852,19.7248],[73.5199,19.7068],[73.5156,19.6973],[73.5292,19.6973],[73.5439,19.6588],[73.5593,19.6454],[73.5632,19.6193],[73.5851,19.6111],[73.5758,19.6023],[73.5883,19.6069],[73.6137,19.5951],[73.6144,19.5922],[73.6162,19.5857],[73.6284,19.5693],[73.6226,19.5422],[73.6327,19.5324],[73.6577,19.5367],[73.6642,19.5119],[73.6749,19.5092],[73.6799,19.5187],[73.6864,19.5004],[73.7086,19.4949],[73.7139,19.4844],[73.6738,19.4609],[73.6928,19.4341],[73.7304,19.4305],[73.7272,19.4168],[73.7587,19.3985],[73.7701,19.3855],[73.7773,19.3878],[73.7791,19.3865],[73.7941,19.3603],[73.7948,19.3303],[73.7727,19.3421],[73.7737,19.3306],[73.7426,19.3228],[73.7419,19.3349],[73.6721,19.3012],[73.6713,19.3009],[73.6678,19.2908],[73.6917,19.2627],[73.6928,19.2555],[73.69,19.2506],[73.6606,19.2395],[73.6298,19.2039],[73.623,19.2163],[73.6119,19.2105],[73.6058,19.1928],[73.5342,19.1785],[73.5403,19.1592],[73.5296,19.1559],[73.5453,19.1406],[73.5417,19.1177],[73.5253,19.1292],[73.5249,19.1295],[73.517,19.1295],[73.4762,19.1295],[73.4447,19.1298],[73.3541,19.1305],[73.3072,19.1063],[73.3191,19.0798],[73.2972,19.072],[73.2979,19.0828],[73.2793,19.0861],[73.251,19.0612],[73.1952,19.1265],[73.1952,19.1262],[73.1855,19.1177],[73.1759,19.1089],[73.1529,19.1132],[73.1436,19.1256],[73.1304,19.1086],[73.0778,19.1138],[73.0484,19.0985],[73.0484,19.0985],[73.0481,19.0981],[73.0438,19.0185],[73.0348,19.0038],[72.999,18.9871],[72.9564,18.9874],[72.9768,19.0387],[72.9661,19.0939],[72.98,19.155],[72.9668,19.1768],[72.9349,19.1915],[72.9049,19.2474],[72.8601,19.2686],[72.839,19.2656],[72.8239,19.2451],[72.7842,19.2637],[72.7871,19.3071],[72.7978,19.3045],[72.7978,19.3042],[72.7985,19.3042],[72.8547,19.3189],[72.8984,19.2875],[72.902,19.2875],[72.9213,19.2875],[72.9356,19.2879],[72.9364,19.2882],[72.9596,19.2999],[72.9421,19.3319],[72.9432,19.3385],[72.9521,19.376],[72.9578,19.4002],[72.9768,19.3982],[72.9754,19.4103],[73.0008,19.423],[73.0144,19.4426],[73.0155,19.4439],[73.0165,19.4456],[72.9922,19.4681],[72.9897,19.49],[73.0029,19.5027],[73.0173,19.5063],[73.0291,19.4906],[73.0391,19.4972],[73.0566,19.4792],[73.1333,19.5004],[73.134,19.5164],[73.1658,19.522],[73.2106,19.5608],[73.1945,19.599],[73.2288,19.6033],[73.2349,19.617],[73.2485,19.6101],[73.2568,19.6288],[73.2851,19.6248],[73.2704,19.6578],[73.2854,19.6924],[73.3209,19.6745],[73.3287,19.6918],[73.3473,19.6941],[73.3595,19.6732],[73.3824,19.6993],[73.415,19.6983],[73.4129,19.7078],[73.4304,19.7019],[73.4483,19.7192],[73.4741,19.7215],[73.4769,19.7319],[73.4834,19.7241],[73.4852,19.7248]]]}},{"type":"Feature","properties":{"district":"Palghar"},"geometry":{"type":"MultiPolygon","coordinates":[[[[73.2697,20.1094],[73.2711,20.096],[73.3137,20.0911],[73.3083,20.0562],[73.3141,20.0503],[73.3148,20.0493],[73.3162,20.048],[73.3577,20.0405],[73.3663,20.02],[73.4064,20.0186],[73.4257,19.9853],[73.4508,19.9824],[73.4555,19.9586],[73.4397,19.9556],[73.4394,19.9344],[73.4211,19.9161],[73.4368,19.8737],[73.4139,19.8583],[73.4139,19.858],[73.4204,19.8348],[73.4422,19.826],[73.4447,19.7741],[73.4483,19.7692],[73.4501,19.7662],[73.4508,19.7649],[73.4959,19.7597],[73.5009,19.7535],[73.5034,19.7365],[73.5034,19.7336],[73.487,19.7261],[73.4848,19.7251],[73.4852,19.7248],[73.4834,19.7241],[73.4769,19.7319],[73.4741,19.7215],[73.4483,19.7192],[73.4304,19.7019],[73.4129,19.7078],[73.415,19.6983],[73.3824,19.6993],[73.3595,19.6732],[73.3473,19.6941],[73.3287,19.6918],[73.3209,19.6745],[73.2854,19.6924],[73.2704,19.6578],[73.2851,19.6248],[73.2568,19.6288],[73.2485,19.6101],[73.2349,19.617],[73.2288,19.6033],[73.1945,19.599],[73.2106,19.5608],[73.1658,19.522],[73.134,19.5164],[73.1333,19.5004],[73.0566,19.4792],[73.0391,19.4972],[73.0291,19.4906],[73.0173,19.5063],[73.0029,19.5027],[72.9897,19.49],[72.9922,19.4681],[73.0165,19.4456],[73.0155,19.4439],[73.0144,19.4426],[73.0008,19.423],[72.9754,19.4103],[72.9768,19.3982],[72.9578,19.4002],[72.9521,19.376],[72.9432,19.3385],[72.9421,19.3319],[72.9596,19.2999],[72.9364,19.2882],[72.9356,19.2879],[72.9213,19.2875],[72.902,19.2875],[72.8984,19.2875],[72.8547,19.3189],[72.7985,19.3042],[72.7978,19.3042],[72.7978,19.3045],[72.8,19.33],[72.7688,19.3747],[72.7753,19.3574],[72.7584,19.3741],[72.7749,19.4129],[72.7624,19.3969],[72.7441,19.4619],[72.7731,19.4877],[72.7677,19.5076],[72.7187,19.5396],[72.7269,19.567],[72.7165,19.5729],[72.7158,19.5922],[72.747,19.5984],[72.7423,19.5896],[72.7599,19.6007],[72.7677,19.5863],[72.7717,19.5997],[72.7892,19.5974],[72.786,19.6079],[72.7724,19.6082],[72.7803,19.6173],[72.7724,19.6356],[72.7584,19.6082],[72.7506,19.6167],[72.7395,19.5987],[72.7294,19.6017],[72.7259,19.6288],[72.7502,19.6193],[72.748,19.647],[72.7316,19.6487],[72.7337,19.6291],[72.7158,19.6464],[72.7183,19.6346],[72.7069,19.68],[72.7137,19.695],[72.6947,19.727],[72.7044,19.7274],[72.7044,19.7362],[72.6915,19.7385],[72.6854,19.7581],[72.6915,19.7956],[72.6761,19.8155],[72.6804,19.8244],[72.6675,19.8211],[72.6546,19.8364],[72.6582,19.8479],[72.6825,19.8521],[72.6722,19.8547],[72.684,19.8681],[72.6865,19.859],[72.7001,19.859],[72.7015,19.8805],[72.6954,19.8652],[72.6883,19.875],[72.6804,19.8662],[72.6858,19.9099],[72.6779,19.9011],[72.6639,19.9337],[72.6858,19.9416],[72.6901,19.9586],[72.7208,19.968],[72.7112,19.9602],[72.7262,19.954],[72.7183,19.9458],[72.7294,19.9213],[72.7391,19.9236],[72.7341,19.9099],[72.7438,19.9021],[72.7506,19.9168],[72.7584,19.8822],[72.7659,19.9014],[72.7753,19.9004],[72.762,19.9364],[72.7745,19.9439],[72.7706,19.954],[72.747,19.952],[72.7534,19.9615],[72.7767,19.9612],[72.7656,19.9824],[72.7459,19.9804],[72.742,19.9693],[72.7402,19.9886],[72.7327,19.9716],[72.7259,19.9886],[72.7165,19.9733],[72.7226,19.9948],[72.7087,20.0738],[72.7348,20.0924],[72.7377,20.128],[72.7749,20.132],[72.7939,20.1231],[72.7853,20.1447],[72.8057,20.1542],[72.8247,20.1418],[72.8161,20.1842],[72.8372,20.1884],[72.8311,20.1963],[72.839,20.2087],[72.8615,20.2074],[72.8587,20.2247],[72.8733,20.2267],[72.9628,20.2097],[72.9618,20.1842],[72.9775,20.1796],[72.9643,20.1261],[72.9775,20.1127],[72.9926,20.1176],[72.9983,20.1431],[73.0115,20.1346],[73.0015,20.1117],[73.0452,20.0653],[73.0527,20.0647],[73.0559,20.099],[73.0645,20.0986],[73.1035,20.0895],[73.1121,20.0742],[73.1372,20.0859],[73.1662,20.0549],[73.192,20.0497],[73.1891,20.0774],[73.2106,20.0859],[73.2106,20.1205],[73.2249,20.1401],[73.2249,20.1235],[73.245,20.1277],[73.2535,20.1127],[73.2697,20.1094]]],[[[73.0015,20.2159],[72.9793,20.2155],[72.9797,20.2342],[73.0058,20.2319],[73.0015,20.2159]]]]}},{"type":"Feature","properties":{"district":"Nandurbar"},"geometry":{"type":"Polygon","coordinates":[[[74.7751,21.6154],[74.7586,21.5766],[74.7532,21.4789],[74.6995,21.4688],[74.7045,21.4522],[74.6924,21.4208],[74.6884,21.41],[74.6362,21.4015],[74.6351,21.4015],[74.5971,21.4162],[74.5703,21.4022],[74.5345,21.4264],[74.4958,21.4257],[74.5015,21.4156],[74.4933,21.3914],[74.5084,21.3895],[74.4915,21.3715],[74.4901,21.3499],[74.4761,21.3493],[74.4819,21.3088],[74.4736,21.3059],[74.4743,21.2964],[74.4919,21.2987],[74.5005,21.284],[74.4901,21.2425],[74.435,21.2366],[74.4378,21.2546],[74.4095,21.2572],[74.412,21.2664],[74.3558,21.252],[74.3569,21.2317],[74.3379,21.2281],[74.3172,21.233],[74.3172,21.2481],[74.2993,21.2386],[74.2459,21.2481],[74.2194,21.2402],[74.2123,21.2216],[74.1865,21.22],[74.179,21.2092],[74.1632,21.2144],[74.1575,21.2308],[74.1432,21.2187],[74.1457,21.2079],[74.1196,21.2138],[74.0573,21.169],[74.0841,21.14],[74.0687,21.1256],[74.0483,21.1272],[74.0497,21.1364],[74.0358,21.1452],[74.0193,21.1419],[74.0093,21.1276],[74.0154,21.1024],[74.0007,21.1207],[73.9742,21.1122],[73.9481,21.0832],[73.9563,21.0685],[73.9459,21.0606],[73.9552,21.0394],[73.9484,21.0326],[73.9076,21.0423],[73.8829,21.0299],[73.8543,21.0329],[73.8493,20.9996],[73.7956,21.0443],[73.8106,21.0593],[73.8074,21.0845],[73.7802,21.0642],[73.7598,21.0691],[73.7297,21.0822],[73.7437,21.1148],[73.7297,21.0995],[73.7053,21.1083],[73.7028,21.1181],[73.6889,21.1005],[73.6516,21.1077],[73.6459,21.121],[73.618,21.1181],[73.6173,21.1426],[73.5987,21.1566],[73.5783,21.1504],[73.5772,21.1703],[73.5997,21.1815],[73.6076,21.1589],[73.6291,21.1547],[73.6269,21.1429],[73.6431,21.1393],[73.6674,21.1543],[73.7315,21.141],[73.7369,21.153],[73.7283,21.1619],[73.7401,21.1713],[73.7719,21.1645],[73.7848,21.1841],[73.8156,21.1739],[73.8256,21.187],[73.8256,21.1997],[73.8153,21.1971],[73.8102,21.2076],[73.8117,21.2308],[73.8281,21.2396],[73.8228,21.2706],[73.8793,21.2657],[73.933,21.2908],[73.9423,21.3],[73.9488,21.3509],[73.9388,21.4048],[73.9595,21.395],[74.0025,21.4215],[74.0447,21.4188],[74.0455,21.4459],[74.0626,21.4744],[74.0723,21.4571],[74.1006,21.4476],[74.1253,21.4665],[74.136,21.4561],[74.1607,21.4688],[74.1822,21.4691],[74.1876,21.458],[74.2091,21.4623],[74.2141,21.4815],[74.2345,21.4822],[74.2356,21.4675],[74.2535,21.4675],[74.256,21.4766],[74.3039,21.4881],[74.3039,21.4995],[74.3208,21.4985],[74.3304,21.5527],[74.3029,21.5521],[74.295,21.5691],[74.276,21.5619],[74.2635,21.5397],[74.2359,21.5393],[74.2291,21.554],[74.1969,21.5322],[74.1826,21.5423],[74.1758,21.5687],[74.1575,21.5687],[74.1367,21.5462],[74.1188,21.5563],[74.1131,21.5485],[74.1031,21.5563],[74.0719,21.5478],[74.0548,21.5586],[74.0429,21.5423],[74.0376,21.5508],[74.0054,21.5534],[73.9982,21.5387],[73.9739,21.5426],[73.9824,21.5217],[73.9663,21.5214],[73.957,21.541],[73.9517,21.5126],[73.9051,21.5246],[73.8922,21.509],[73.8643,21.5122],[73.8693,21.5008],[73.8521,21.4979],[73.8346,21.5204],[73.8138,21.6007],[73.7977,21.6043],[73.7802,21.6282],[73.8145,21.6442],[73.8385,21.6331],[73.8521,21.6461],[73.8879,21.6533],[73.8915,21.6915],[73.8811,21.7147],[73.8242,21.7611],[73.8342,21.7751],[73.8289,21.7859],[73.8378,21.7891],[73.8274,21.7924],[73.8271,21.81],[73.8081,21.8097],[73.7959,21.8244],[73.8167,21.8407],[73.8729,21.8417],[74.0494,21.9256],[74.1282,21.9495],[74.1571,21.9508],[74.1929,21.9256],[74.2807,21.9331],[74.3007,21.9671],[74.3447,21.9753],[74.3759,22.0004],[74.3981,22.0226],[74.3877,22.0337],[74.402,22.0233],[74.4317,22.0301],[74.4436,22.0233],[74.4521,22.004],[74.4321,21.9994],[74.4396,21.9766],[74.4532,21.9619],[74.4697,21.9671],[74.469,21.9599],[74.4887,21.956],[74.4847,21.9459],[74.5087,21.9374],[74.5094,21.9207],[74.5241,21.9116],[74.498,21.7901],[74.5141,21.7656],[74.5055,21.7261],[74.5474,21.7193],[74.5574,21.7042],[74.5542,21.6814],[74.5803,21.683],[74.5821,21.6647],[74.6641,21.6523],[74.6874,21.6314],[74.7751,21.6154]]]}},{"type":"Feature","properties":{"district":"Amravati"},"geometry":{"type":"Polygon","coordinates":[[[78.2377,21.3304],[78.2327,21.3271],[78.1568,21.331],[78.1478,21.3424],[78.145,21.3434],[78.078,21.3558],[78.0755,21.3548],[78.0791,21.3307],[78.0658,21.3016],[78.0809,21.282],[78.0612,21.2778],[78.0529,21.2549],[78.0583,21.2396],[78.0716,21.237],[78.0708,21.221],[78.0966,21.1994],[78.0923,21.1782],[78.1442,21.139],[78.1281,21.1148],[78.1453,21.1021],[78.151,21.076],[78.1503,21.0479],[78.136,21.0378],[78.1453,21.0244],[78.1346,21.0045],[78.1478,20.9872],[78.1432,20.9535],[78.1686,20.9418],[78.1818,20.9042],[78.2055,20.8993],[78.213,20.9088],[78.2574,20.8863],[78.2574,20.8859],[78.2792,20.8428],[78.2924,20.8405],[78.2921,20.8268],[78.3103,20.8314],[78.3136,20.8321],[78.3161,20.8226],[78.3168,20.8203],[78.3175,20.818],[78.2993,20.8131],[78.2964,20.8118],[78.2928,20.7997],[78.2928,20.7746],[78.3064,20.7645],[78.3121,20.7374],[78.2982,20.7011],[78.2975,20.6988],[78.2967,20.6998],[78.2928,20.7093],[78.291,20.708],[78.2771,20.6959],[78.276,20.6959],[78.2742,20.6933],[78.2613,20.6972],[78.2556,20.6832],[78.2549,20.6832],[78.2187,20.6926],[78.2173,20.6903],[78.2055,20.674],[78.1822,20.6773],[78.1568,20.6587],[78.1281,20.6626],[78.1292,20.6469],[78.1106,20.6394],[78.0934,20.641],[78.0991,20.6658],[78.0895,20.6714],[78.0368,20.6655],[78.0186,20.6404],[78.0204,20.626],[77.9953,20.6244],[77.9731,20.5875],[77.9327,20.5754],[77.9251,20.5587],[77.9126,20.5669],[77.9176,20.6074],[77.8947,20.625],[77.8786,20.6094],[77.8661,20.6103],[77.8671,20.5953],[77.8464,20.5878],[77.8403,20.5649],[77.8106,20.5842],[77.8056,20.5643],[77.7787,20.5401],[77.7515,20.5447],[77.7415,20.5614],[77.6971,20.5721],[77.6659,20.58],[77.6509,20.5649],[77.6502,20.5643],[77.6276,20.5666],[77.6566,20.6391],[77.648,20.6485],[77.6541,20.6606],[77.6352,20.659],[77.6337,20.7125],[77.6108,20.7178],[77.6108,20.7191],[77.6198,20.7792],[77.6108,20.7785],[77.6101,20.7997],[77.5528,20.8232],[77.551,20.8543],[77.5288,20.8487],[77.4755,20.8608],[77.4791,20.8797],[77.4651,20.8804],[77.435,20.8428],[77.3369,20.8438],[77.3151,20.8575],[77.2861,20.8467],[77.2217,20.8585],[77.2109,20.8484],[77.1805,20.8497],[77.1604,20.8699],[77.1529,20.8585],[77.1293,20.8634],[77.135,20.9205],[77.1604,20.9718],[77.1347,20.9744],[77.1332,20.9891],[77.1672,20.9891],[77.1723,21.0136],[77.173,21.0237],[77.1501,21.0332],[77.1501,21.0698],[77.1762,21.0724],[77.1723,21.1188],[77.1966,21.121],[77.1966,21.1387],[77.1633,21.1357],[77.1601,21.1452],[77.1669,21.1867],[77.1848,21.1997],[77.1744,21.2229],[77.1905,21.2353],[77.1905,21.2373],[77.1697,21.2428],[77.1672,21.2428],[77.1311,21.2203],[77.0939,21.2262],[77.0799,21.2161],[77.0341,21.2468],[77.0061,21.2288],[76.9986,21.1958],[76.9166,21.2007],[76.7906,21.1834],[76.7885,21.186],[76.7824,21.1935],[76.7677,21.1912],[76.7609,21.22],[76.7459,21.2232],[76.7409,21.2412],[76.7487,21.2507],[76.724,21.2895],[76.6625,21.2804],[76.6213,21.3323],[76.7401,21.4113],[76.7441,21.4397],[76.7856,21.4652],[76.7956,21.4897],[76.7631,21.5207],[76.7895,21.5364],[76.7813,21.5645],[76.796,21.5942],[76.8329,21.589],[76.8543,21.6131],[76.902,21.5968],[76.9288,21.6242],[77.0734,21.7193],[77.1293,21.7222],[77.1651,21.7104],[77.1758,21.7255],[77.1916,21.7209],[77.188,21.702],[77.2102,21.6899],[77.2274,21.6993],[77.2267,21.717],[77.26,21.714],[77.2714,21.7281],[77.2872,21.7222],[77.2804,21.7584],[77.4039,21.7522],[77.4791,21.7699],[77.4794,21.7542],[77.5027,21.7457],[77.5256,21.7245],[77.526,21.7118],[77.5439,21.7039],[77.5757,21.621],[77.5768,21.555],[77.5954,21.5596],[77.6115,21.5387],[77.5754,21.5266],[77.5031,21.5521],[77.4544,21.5537],[77.4497,21.5416],[77.4254,21.538],[77.4221,21.5171],[77.4433,21.4871],[77.4415,21.4714],[77.4733,21.4544],[77.4877,21.3744],[77.5141,21.3757],[77.532,21.4188],[77.5618,21.396],[77.5636,21.3692],[77.5875,21.3627],[77.6076,21.3646],[77.6054,21.3908],[77.6538,21.3911],[77.6699,21.3689],[77.6921,21.3973],[77.7096,21.3575],[77.7372,21.3624],[77.7501,21.3826],[77.7966,21.3888],[77.8009,21.4094],[77.8836,21.3842],[77.8829,21.3757],[77.9412,21.3855],[77.9423,21.3966],[78.03,21.4215],[78.1761,21.4992],[78.1825,21.5113],[78.1714,21.525],[78.1818,21.5566],[78.2234,21.5524],[78.2738,21.5687],[78.2602,21.5792],[78.2667,21.5916],[78.3028,21.5837],[78.3064,21.5694],[78.3429,21.5886],[78.363,21.5749],[78.3816,21.5916],[78.3726,21.6131],[78.4274,21.5991],[78.4188,21.5707],[78.4385,21.5178],[78.4331,21.4972],[78.4314,21.49],[78.4346,21.4731],[78.4382,21.4708],[78.4475,21.4028],[78.4213,21.3996],[78.4095,21.381],[78.3651,21.3937],[78.3626,21.3833],[78.3451,21.3855],[78.3071,21.3571],[78.2899,21.3545],[78.2491,21.331],[78.2506,21.33],[78.2377,21.3304]]]}},{"type":"Feature","properties":{"district":"Dhule"},"geometry":{"type":"Polygon","coordinates":[[[75.1596,21.4025],[75.1399,21.3836],[75.1395,21.3823],[75.1349,21.361],[75.1481,21.348],[75.1209,21.3424],[75.1427,21.3248],[75.1417,21.3163],[75.1316,21.2788],[75.1152,21.2526],[75.1023,21.2363],[75.0994,21.2327],[75.0532,21.2138],[75.0429,21.2095],[75.0378,21.1922],[75.0371,21.1916],[75.0038,21.1883],[74.9752,21.2174],[74.973,21.2203],[74.9723,21.2203],[74.944,21.2259],[74.9598,21.2108],[74.9508,21.2001],[74.9637,21.1942],[74.9319,21.1638],[74.9125,21.1635],[74.8946,21.1491],[74.8857,21.1145],[74.8692,21.1021],[74.8685,21.0773],[74.8459,21.0701],[74.8391,21.0544],[74.8545,21.0512],[74.8581,21.0603],[74.8893,21.0512],[74.8925,21.0388],[74.9107,21.0303],[74.9158,20.9904],[74.9312,20.9689],[74.9111,20.963],[74.9129,20.9274],[74.9337,20.9264],[74.9337,20.9173],[74.9612,20.9013],[74.9641,20.8572],[74.9816,20.8294],[74.9759,20.8223],[74.9673,20.8193],[74.9598,20.802],[74.9594,20.8014],[74.9591,20.8014],[74.9888,20.7592],[74.9895,20.7485],[74.987,20.738],[74.9483,20.7214],[74.9555,20.691],[74.9326,20.6564],[74.9,20.6561],[74.8911,20.6427],[74.823,20.6276],[74.8127,20.6325],[74.8127,20.6322],[74.8105,20.6332],[74.8098,20.6381],[74.8001,20.6381],[74.8019,20.66],[74.7364,20.6655],[74.7325,20.6773],[74.7092,20.6861],[74.6498,20.6939],[74.6609,20.7393],[74.653,20.757],[74.6648,20.7749],[74.6333,20.7827],[74.619,20.8046],[74.5782,20.8154],[74.5728,20.8314],[74.5642,20.8236],[74.5377,20.8363],[74.5119,20.8082],[74.5055,20.8187],[74.4865,20.8187],[74.4786,20.8337],[74.4747,20.8206],[74.4486,20.8167],[74.436,20.802],[74.3873,20.8356],[74.4031,20.8373],[74.397,20.8598],[74.3805,20.8396],[74.3591,20.8441],[74.349,20.8585],[74.3319,20.8356],[74.3258,20.8481],[74.3147,20.8422],[74.2907,20.8565],[74.2642,20.8513],[74.2499,20.8608],[74.2341,20.8481],[74.1575,20.8621],[74.1582,20.851],[74.1464,20.85],[74.1303,20.8631],[74.1299,20.8631],[74.1034,20.8556],[74.0963,20.8412],[74.0619,20.8487],[74.0451,20.835],[74.0261,20.8513],[74.0172,20.8458],[74.02,20.8337],[73.9663,20.852],[73.961,20.8415],[73.9291,20.8422],[73.9173,20.9078],[73.8879,20.9333],[73.8922,20.9558],[73.908,20.9669],[73.9012,20.9819],[73.869,20.9849],[73.8503,20.9983],[73.8543,21.0329],[73.8829,21.0299],[73.9076,21.0423],[73.9484,21.0326],[73.9552,21.0394],[73.9459,21.0606],[73.9563,21.0685],[73.9481,21.0832],[73.9742,21.1122],[74.0007,21.1207],[74.0154,21.1024],[74.0093,21.1276],[74.0193,21.1419],[74.0358,21.1452],[74.0497,21.1364],[74.0483,21.1272],[74.0687,21.1256],[74.0841,21.14],[74.0573,21.169],[74.1196,21.2138],[74.1457,21.2079],[74.1432,21.2187],[74.1575,21.2308],[74.1632,21.2144],[74.179,21.2092],[74.1865,21.22],[74.2123,21.2216],[74.2194,21.2402],[74.2459,21.2481],[74.2993,21.2386],[74.3172,21.2481],[74.3172,21.233],[74.3379,21.2281],[74.3569,21.2317],[74.3558,21.252],[74.412,21.2664],[74.4095,21.2572],[74.4378,21.2546],[74.435,21.2366],[74.4901,21.2425],[74.5005,21.284],[74.4919,21.2987],[74.4743,21.2964],[74.4736,21.3059],[74.4819,21.3088],[74.4761,21.3493],[74.4901,21.3499],[74.4915,21.3715],[74.5084,21.3895],[74.4933,21.3914],[74.5015,21.4156],[74.4958,21.4257],[74.5345,21.4264],[74.5703,21.4022],[74.5971,21.4162],[74.6351,21.4015],[74.6362,21.4015],[74.6884,21.41],[74.6924,21.4208],[74.7045,21.4522],[74.6995,21.4688],[74.7532,21.4789],[74.7586,21.5766],[74.7751,21.6154],[74.8288,21.6095],[74.8631,21.634],[74.9018,21.6295],[74.9104,21.6144],[74.9795,21.5952],[75.0203,21.5687],[75.0518,21.5664],[75.0897,21.5152],[75.108,21.4623],[75.2065,21.4136],[75.1596,21.4025]]]}},{"type":"Feature","properties":{"district":"Nagpur"},"geometry":{"type":"Polygon","coordinates":[[[79.5186,20.7142],[79.5179,20.7142],[79.505,20.7021],[79.4893,20.7093],[79.4696,20.6799],[79.4363,20.6609],[79.3987,20.659],[79.3797,20.6828],[79.3489,20.676],[79.3536,20.6531],[79.341,20.6443],[79.3471,20.6352],[79.321,20.5849],[79.2931,20.5927],[79.2208,20.5832],[79.2193,20.5852],[79.2093,20.5983],[79.2071,20.5999],[79.1889,20.5989],[79.1842,20.6211],[79.1688,20.627],[79.1696,20.6456],[79.1474,20.6534],[79.1423,20.6786],[79.1044,20.6877],[79.103,20.7155],[79.0904,20.7112],[79.0503,20.7377],[78.9966,20.7442],[78.9963,20.757],[78.9419,20.7677],[78.9454,20.7935],[78.9129,20.8082],[78.9129,20.836],[78.8832,20.8435],[78.8774,20.8298],[78.8678,20.833],[78.867,20.837],[78.861,20.8412],[78.8517,20.8814],[78.8438,20.8885],[78.8348,20.8925],[78.8277,20.8928],[78.8169,20.8804],[78.7854,20.8899],[78.7729,20.9036],[78.7826,20.9108],[78.7528,20.9222],[78.7396,20.9395],[78.7478,20.9447],[78.7332,20.9467],[78.7238,20.9692],[78.726,21.0048],[78.6909,21.0188],[78.6762,21.0365],[78.6515,21.0339],[78.6426,21.0587],[78.6139,21.0642],[78.61,21.0884],[78.5975,21.089],[78.5993,21.1086],[78.5549,21.1165],[78.5309,21.139],[78.5198,21.1743],[78.4775,21.2203],[78.4457,21.2363],[78.4303,21.2262],[78.412,21.2392],[78.3308,21.2504],[78.3247,21.2713],[78.3039,21.2752],[78.3125,21.2941],[78.2953,21.2928],[78.2506,21.33],[78.2491,21.331],[78.2899,21.3545],[78.3071,21.3571],[78.3451,21.3855],[78.3626,21.3833],[78.3651,21.3937],[78.4095,21.381],[78.4213,21.3996],[78.4475,21.4028],[78.4382,21.4708],[78.4346,21.4731],[78.4314,21.49],[78.4331,21.4972],[78.4754,21.5008],[78.5119,21.5282],[78.5703,21.5142],[78.5853,21.4868],[78.6086,21.4887],[78.6286,21.4757],[78.6433,21.4855],[78.6669,21.4773],[78.688,21.4819],[78.7281,21.4623],[78.7457,21.4701],[78.7507,21.493],[78.7668,21.4887],[78.7761,21.4642],[78.7804,21.4786],[78.8005,21.4904],[78.8678,21.494],[78.891,21.4851],[78.8993,21.5005],[78.9365,21.4855],[78.9444,21.5158],[78.9272,21.522],[78.9297,21.5403],[78.9068,21.5534],[78.9318,21.5615],[78.9139,21.5707],[78.9164,21.5909],[78.9433,21.5919],[78.9752,21.6177],[78.9984,21.619],[79.012,21.5994],[79.0761,21.6053],[79.0937,21.5978],[79.1069,21.605],[79.1001,21.6174],[79.1123,21.6239],[79.1513,21.6402],[79.1685,21.637],[79.1538,21.6461],[79.1549,21.6602],[79.224,21.6487],[79.2308,21.6703],[79.2208,21.6928],[79.2376,21.7131],[79.2319,21.7222],[79.268,21.7153],[79.2906,21.6928],[79.3543,21.6846],[79.3525,21.6778],[79.3926,21.6739],[79.4223,21.6918],[79.4964,21.6735],[79.5168,21.6252],[79.5036,21.6148],[79.5122,21.5841],[79.544,21.5596],[79.5387,21.541],[79.5376,21.5367],[79.5136,21.5341],[79.4753,21.4913],[79.4488,21.4358],[79.4764,21.428],[79.4846,21.3993],[79.5,21.3979],[79.5258,21.3509],[79.5548,21.3287],[79.5541,21.3033],[79.5755,21.2765],[79.5494,21.2066],[79.5616,21.1903],[79.5508,21.1713],[79.5573,21.156],[79.5322,21.1583],[79.5272,21.1779],[79.4978,21.1834],[79.5089,21.1612],[79.4939,21.1383],[79.5272,21.1194],[79.5322,21.0966],[79.5179,21.091],[79.529,21.0776],[79.5501,21.0881],[79.5723,21.0662],[79.5884,21.0773],[79.5977,21.0721],[79.655,20.9643],[79.6446,20.9258],[79.6106,20.9036],[79.6106,20.8667],[79.5963,20.8663],[79.5788,20.8441],[79.5551,20.8565],[79.5376,20.8513],[79.5573,20.8076],[79.5301,20.7752],[79.5322,20.7472],[79.5186,20.7142]]]}},{"type":"Feature","properties":{"district":"Aurangabad"},"geometry":{"type":"Polygon","coordinates":[[[74.9347,20.2704],[74.9433,20.2727],[74.9455,20.2724],[74.9451,20.273],[74.9415,20.2802],[74.9562,20.2942],[74.9859,20.3037],[74.9934,20.336],[75.0532,20.3083],[75.059,20.3354],[75.0937,20.3357],[75.1255,20.3504],[75.1055,20.4121],[75.1245,20.4317],[75.1603,20.4376],[75.1596,20.4765],[75.1982,20.4751],[75.205,20.499],[75.2265,20.4938],[75.2254,20.5166],[75.2372,20.5205],[75.2344,20.5352],[75.244,20.5359],[75.2405,20.5509],[75.2505,20.5499],[75.2577,20.5764],[75.2645,20.5666],[75.2909,20.5659],[75.3164,20.5751],[75.3192,20.5917],[75.3554,20.5881],[75.3583,20.596],[75.3658,20.5747],[75.389,20.5774],[75.3969,20.5209],[75.4288,20.5127],[75.4238,20.5294],[75.4463,20.5375],[75.456,20.514],[75.4571,20.5512],[75.4803,20.5424],[75.4921,20.5245],[75.5047,20.5503],[75.5276,20.5558],[75.5204,20.5894],[75.5326,20.5917],[75.5355,20.6067],[75.5526,20.5983],[75.5552,20.6041],[75.592,20.5996],[75.596,20.6005],[75.5978,20.5999],[75.6117,20.6038],[75.6049,20.6214],[75.6461,20.6169],[75.6593,20.6244],[75.6593,20.6254],[75.6608,20.6263],[75.6579,20.6567],[75.6622,20.6629],[75.6779,20.6652],[75.7041,20.659],[75.6991,20.6149],[75.7231,20.6198],[75.7309,20.6071],[75.7538,20.6123],[75.7592,20.5747],[75.7879,20.5826],[75.7868,20.5623],[75.8043,20.5666],[75.8247,20.5555],[75.8433,20.563],[75.828,20.5708],[75.8319,20.5904],[75.8412,20.5927],[75.8373,20.6139],[75.8537,20.612],[75.8541,20.6211],[75.8673,20.6185],[75.8688,20.5973],[75.887,20.5917],[75.8877,20.5689],[75.9321,20.5744],[75.9307,20.5963],[75.9533,20.6012],[75.9547,20.6205],[75.9862,20.6165],[76.0062,20.6316],[76.0062,20.6476],[76.0062,20.6482],[76.0317,20.6374],[76.0424,20.579],[76.0363,20.5558],[76.0155,20.5512],[76.0177,20.531],[76.0177,20.5294],[76.0087,20.5382],[76.0012,20.5294],[75.978,20.529],[75.9765,20.5313],[75.9715,20.5385],[75.9504,20.532],[75.9171,20.5552],[75.8817,20.5604],[75.8749,20.5529],[75.8598,20.5607],[75.8834,20.528],[75.8602,20.5238],[75.8476,20.4866],[75.8695,20.4552],[75.891,20.4454],[75.862,20.4399],[75.8566,20.4588],[75.8387,20.4575],[75.8215,20.4725],[75.7968,20.4614],[75.7939,20.4503],[75.7642,20.4516],[75.7549,20.4232],[75.7309,20.4089],[75.7485,20.401],[75.7456,20.3703],[75.7571,20.368],[75.7703,20.336],[75.7546,20.3256],[75.7424,20.3266],[75.7424,20.3351],[75.7159,20.3308],[75.7077,20.3129],[75.6812,20.3067],[75.6941,20.2799],[75.6733,20.2348],[75.6783,20.1917],[75.6733,20.1829],[75.6447,20.1858],[75.6239,20.1006],[75.5856,20.0977],[75.5895,20.0601],[75.6035,20.0506],[75.5881,20.0249],[75.592,20.0072],[75.6443,20.0066],[75.6425,19.9579],[75.6686,19.9445],[75.6812,19.9223],[75.6547,19.9073],[75.6454,19.8436],[75.659,19.8237],[75.6558,19.8129],[75.6336,19.811],[75.6457,19.7826],[75.6235,19.7708],[75.631,19.6689],[75.6253,19.6559],[75.6053,19.6575],[75.6038,19.6425],[75.5849,19.6376],[75.5981,19.6004],[75.649,19.5951],[75.6554,19.57],[75.631,19.4645],[75.6131,19.4674],[75.6046,19.4521],[75.6031,19.4283],[75.6121,19.4243],[75.6067,19.3852],[75.606,19.3848],[75.5877,19.3783],[75.5505,19.3865],[75.5158,19.4048],[75.5079,19.4309],[75.4878,19.443],[75.4875,19.4426],[75.4814,19.4358],[75.4746,19.4283],[75.4757,19.4273],[75.4674,19.4139],[75.4438,19.4129],[75.4413,19.4283],[75.3665,19.3982],[75.3396,19.4064],[75.3554,19.4332],[75.3464,19.4495],[75.3271,19.439],[75.3232,19.4639],[75.3386,19.4655],[75.3446,19.4834],[75.3583,19.4802],[75.3561,19.5011],[75.3386,19.4985],[75.335,19.4805],[75.3275,19.4825],[75.3289,19.5057],[75.3117,19.4949],[75.3028,19.5109],[75.2738,19.5148],[75.2806,19.5452],[75.2741,19.5546],[75.2562,19.523],[75.2036,19.5625],[75.2057,19.5791],[75.1889,19.5961],[75.1878,19.5961],[75.1528,19.5892],[75.0876,19.6121],[75.06,19.6049],[75.0396,19.6131],[75.0393,19.6255],[74.9992,19.6242],[74.9616,19.6474],[74.9319,19.6372],[74.9158,19.6484],[74.8875,19.6395],[74.8839,19.6559],[74.8492,19.6467],[74.8087,19.6882],[74.8144,19.7042],[74.7854,19.7163],[74.7847,19.7346],[74.7683,19.7365],[74.7661,19.7532],[74.7507,19.7489],[74.7317,19.7702],[74.7224,19.7551],[74.7178,19.7799],[74.702,19.7773],[74.7056,19.7626],[74.6945,19.7558],[74.6899,19.7675],[74.6523,19.7773],[74.6369,19.7927],[74.6362,19.793],[74.6115,19.7702],[74.6086,19.7705],[74.5953,19.7754],[74.5918,19.7809],[74.6036,19.8456],[74.6573,19.8351],[74.6601,19.8577],[74.6451,19.8609],[74.6498,19.92],[74.6766,19.9246],[74.6709,19.9468],[74.6705,19.9468],[74.672,19.9589],[74.6727,19.9622],[74.6863,19.969],[74.6888,20.0079],[74.7171,20.0183],[74.706,20.0412],[74.7199,20.0536],[74.7103,20.0797],[74.736,20.0804],[74.7303,20.1137],[74.7035,20.1146],[74.7149,20.1346],[74.7113,20.1734],[74.7206,20.1937],[74.7597,20.1858],[74.7622,20.2048],[74.784,20.2058],[74.7998,20.2316],[74.7837,20.227],[74.784,20.2342],[74.8184,20.2502],[74.8302,20.2351],[74.8538,20.2302],[74.8556,20.1796],[74.8957,20.1803],[74.9068,20.1551],[74.9272,20.1542],[74.9283,20.2175],[74.9079,20.2195],[74.9054,20.2462],[74.9326,20.2511],[74.9347,20.2704]]]}},{"type":"Feature","properties":{"district":"Raigad"},"geometry":{"type":"Polygon","coordinates":[[[73.5253,19.1292],[73.5253,19.1292],[73.5117,19.0949],[73.5149,19.0828],[73.5278,19.0844],[73.526,19.0544],[73.5178,19.0576],[73.5149,19.0462],[73.5149,19.0462],[73.5403,19.0478],[73.5328,19.0305],[73.5385,19.0243],[73.5478,19.0142],[73.5514,19.0103],[73.5095,18.9659],[73.4805,18.9799],[73.4791,18.9665],[73.4608,18.9649],[73.4605,18.9649],[73.4583,18.9296],[73.4415,18.9293],[73.4308,18.9156],[73.4404,18.8993],[73.4401,18.8983],[73.43,18.8741],[73.4014,18.8428],[73.3889,18.8529],[73.3781,18.7931],[73.3681,18.7948],[73.3495,18.7566],[73.3584,18.7556],[73.3552,18.7213],[73.3316,18.7014],[73.3438,18.6962],[73.3527,18.7089],[73.3617,18.7105],[73.3609,18.7011],[73.3746,18.7092],[73.3874,18.6893],[73.3889,18.6547],[73.3613,18.6367],[73.342,18.6038],[73.3341,18.6087],[73.323,18.5577],[73.3337,18.5502],[73.3588,18.5577],[73.3427,18.5313],[73.3556,18.5329],[73.3846,18.5032],[73.3967,18.5051],[73.3746,18.4931],[73.3792,18.4816],[73.3606,18.4842],[73.3649,18.4695],[73.3728,18.4643],[73.3885,18.4918],[73.4082,18.4999],[73.4018,18.4444],[73.3932,18.4444],[73.3989,18.4006],[73.42,18.4036],[73.4232,18.3732],[73.4415,18.3582],[73.4218,18.3298],[73.4211,18.3164],[73.4204,18.3063],[73.4204,18.3037],[73.4236,18.3037],[73.4311,18.303],[73.4472,18.302],[73.4759,18.3001],[73.4777,18.2674],[73.5002,18.2818],[73.5145,18.272],[73.5052,18.256],[73.5371,18.2433],[73.5235,18.2322],[73.536,18.2269],[73.521,18.2109],[73.5349,18.2047],[73.521,18.1871],[73.521,18.1871],[73.5374,18.1894],[73.541,18.2077],[73.5568,18.1962],[73.5589,18.2139],[73.5668,18.1877],[73.5818,18.1786],[73.594,18.1776],[73.5976,18.19],[73.6534,18.173],[73.6656,18.16],[73.6606,18.1518],[73.6477,18.159],[73.6423,18.1424],[73.6337,18.1463],[73.6194,18.1273],[73.6284,18.1234],[73.6033,18.1179],[73.6062,18.1381],[73.6065,18.1397],[73.594,18.1087],[73.6094,18.0976],[73.6022,18.081],[73.6201,18.0764],[73.6126,18.0591],[73.6126,18.0588],[73.657,18.0297],[73.6488,18.0228],[73.6559,18.0124],[73.6284,17.9895],[73.6384,17.9716],[73.5976,17.9392],[73.579,17.9458],[73.5636,17.9167],[73.5342,17.8981],[73.5629,17.8939],[73.5722,17.8752],[73.5593,17.8694],[73.5528,17.8664],[73.5339,17.8834],[73.5063,17.8511],[73.4895,17.8671],[73.4612,17.8671],[73.4454,17.8514],[73.4368,17.9037],[73.4265,17.9092],[73.4061,17.8837],[73.371,17.888],[73.3738,17.9255],[73.3416,17.9722],[73.3592,18.0052],[73.3588,18.0059],[73.3456,18.0261],[73.3341,18.0111],[73.3277,18.0248],[73.3004,18.0241],[73.2897,18.0359],[73.2947,18.0581],[73.2876,18.0715],[73.2263,18.0565],[73.2045,18.0692],[73.1916,18.0578],[73.1744,18.0588],[73.173,18.0591],[73.1207,17.9876],[73.115,17.9801],[73.0856,17.9899],[73.0459,17.9833],[73.0448,17.9823],[73.0344,17.9804],[73.0026,18.0209],[73.0194,18.0297],[73.0083,18.0503],[72.9904,18.0542],[72.9994,18.0748],[72.9725,18.1244],[72.9897,18.157],[72.9836,18.1946],[72.9568,18.2184],[72.9321,18.2184],[72.9428,18.2455],[72.9356,18.2808],[72.9639,18.2805],[72.9743,18.2632],[72.9693,18.2433],[73.0165,18.2446],[73.0677,18.2126],[73.0524,18.2008],[73.0509,18.1822],[73.0717,18.1502],[73.1053,18.1401],[73.0774,18.1887],[73.0774,18.209],[73.0921,18.2188],[73.0799,18.2227],[73.0617,18.2521],[73.0724,18.2635],[73.0677,18.2792],[73.0516,18.2815],[73.0502,18.2968],[73.0824,18.2926],[73.1028,18.2655],[73.0828,18.3118],[73.0914,18.3262],[73.1129,18.3295],[73.0878,18.336],[73.0713,18.3082],[73.0448,18.3128],[73.037,18.2929],[73.0531,18.2704],[73.0287,18.2642],[73.0155,18.2854],[72.9979,18.2851],[72.9929,18.2736],[72.9818,18.2997],[72.9553,18.3157],[72.9532,18.335],[72.9142,18.3546],[72.912,18.3683],[72.9263,18.3732],[72.926,18.3869],[72.9063,18.4033],[72.9063,18.4392],[72.8948,18.4633],[72.9113,18.5078],[72.9059,18.5404],[72.9138,18.5306],[72.9335,18.5404],[72.8837,18.6377],[72.8655,18.6518],[72.8558,18.6994],[72.8683,18.7997],[72.8322,18.8581],[72.8361,18.8637],[72.8623,18.9042],[72.8658,18.9091],[72.8669,18.9114],[72.8741,18.9159],[72.912,18.9473],[72.9131,18.9561],[72.9099,18.9695],[72.9052,18.9754],[72.8941,18.9812],[72.9564,18.9874],[72.999,18.9871],[73.0348,19.0038],[73.0438,19.0185],[73.0481,19.0981],[73.0484,19.0985],[73.0484,19.0985],[73.0778,19.1138],[73.1304,19.1086],[73.1436,19.1256],[73.1529,19.1132],[73.1759,19.1089],[73.1855,19.1177],[73.1952,19.1262],[73.1952,19.1265],[73.251,19.0612],[73.2793,19.0861],[73.2979,19.0828],[73.2972,19.072],[73.3191,19.0798],[73.3072,19.1063],[73.3541,19.1305],[73.4447,19.1298],[73.4762,19.1295],[73.517,19.1295],[73.5249,19.1295],[73.5253,19.1292]]]}}]}